chirp_mass,chirp_mass_source,mass_1,mass_2,mass_ratio,luminosity_distance,chi_eff
30.968395,28.233804,41.388921,30.710837,0.74200623,458.42703,0.0092881403
31.697572,29.19089,40.034934,33.173495,0.82861372,403.44473,0.030806165
29.433692,27.283513,34.177725,33.447868,0.97864523,368.47829,-0.14814653
28.342551,25.914681,38.778846,27.49478,0.70901491,442.49108,-0.2138181
30.856463,27.530133,39.005623,32.266885,0.82723675,580.96369,-0.010169553
29.886829,26.712432,35.829442,32.907037,0.91843564,570.66408,-0.12276147
31.154351,28.084353,40.840126,31.465514,0.77045586,521.68376,-0.01454298
31.035519,27.843546,36.760274,34.580589,0.94070542,549.01274,-0.022527702
28.507121,25.812755,41.261462,26.252836,0.63625559,496.52779,-0.23051387
30.588099,28.647711,36.351314,33.970074,0.93449371,314.27411,-0.030674895
30.500775,27.480298,35.41405,34.663159,0.97879679,524.75832,-0.04576087
30.174185,28.121854,36.203338,33.196908,0.91695709,339.85738,-0.077737779
31.186372,28.035929,38.461048,33.400458,0.86842297,537.35496,-0.010331643
30.613014,27.428141,42.992878,28.985514,0.67419339,556.62356,-0.02383727
29.892854,27.745551,43.06475,27.647456,0.64199737,361.50575,-0.039465283
30.71541,28.066114,40.810802,30.628945,0.75051074,446.04586,-0.039495745
31.960574,28.985397,40.382531,33.436443,0.82799276,487.70271,0.076317274
31.365091,29.526827,37.480265,34.644701,0.92434514,287.76413,0.025595941
28.966674,26.625965,36.138158,30.677874,0.84890531,413.59447,-0.14130823
29.275747,26.52532,39.336997,28.886126,0.73432463,493.01751,-0.17858797
31.882205,29.810545,37.095006,36.158255,0.97474725,322.8431,0.020762014
29.366951,27.387571,39.315639,29.075931,0.73955128,336.40021,-0.12558091
31.485598,29.116699,44.129512,29.867233,0.6768086,381.06646,0.023265428
31.34414,28.315551,42.55088,30.630349,0.71985232,509.65458,-0.024857966
29.924592,27.693088,36.06227,32.78031,0.90899187,377.21699,-0.10362803
30.445868,27.861708,38.194478,32.072294,0.83971024,437.78713,-0.069827088
28.283632,26.007919,35.123598,30.088648,0.85665051,411.55138,-0.26550003
30.444177,27.572432,39.408468,31.119951,0.78967674,495.36644,-0.03923722
29.495519,27.345309,36.135276,31.794217,0.87986645,367.60612,-0.15630477
30.33179,27.602421,35.732468,33.978179,0.9509049,468.65141,-0.040906183
30.00186,27.096194,38.045041,31.278208,0.82213627,511.06633,-0.1177117
30.942651,27.905842,39.983434,31.682549,0.79239191,519.17791,-0.03070795
30.359192,28.083091,38.042592,32.016028,0.84158377,379.53419,-0.014698827
29.537869,27.144132,34.536735,33.33621,0.9652392,414.96776,-0.13758513
30.93719,28.375745,46.186613,27.699573,0.59973164,425.36629,0.063561555
32.696964,29.55746,42.886375,33.005957,0.76961405,505.87367,0.045452337
29.598965,27.076606,35.53898,32.540837,0.91563791,439.82787,-0.10747012
31.301677,28.337366,36.935461,35.007901,0.94781273,497.68084,0.010215909
31.588438,29.613754,38.967765,33.8219,0.86794559,309.16884,0.019575233
28.198974,26.000146,39.688268,26.646519,0.67139536,396.97497,-0.19784467
30.052422,26.995788,40.188244,29.786052,0.7411633,541.74466,-0.083874736
30.955856,28.327359,36.220482,34.911845,0.96387025,437.99031,0.028211108
30.050567,27.37247,38.513359,31.011526,0.80521477,463.38833,-0.081912666
30.626527,28.312844,36.468826,33.946675,0.9308409,382.8454,-0.052478106
29.92037,27.042334,41.019296,28.971453,0.70628839,506.9445,-0.17118299
29.365451,26.599997,33.796335,33.667903,0.99619984,494.40906,-0.20083233
29.01214,27.036993,42.578185,26.382294,0.61961998,340.21722,-0.20451814
31.624446,29.078851,37.928747,34.805642,0.91765863,411.75238,0.024423663
29.577421,26.839601,35.693296,32.356021,0.90650135,484.46989,-0.13107263
31.876601,28.753876,39.585452,33.910932,0.85665137,518.04548,0.049194576
30.409034,28.15736,40.188158,30.477204,0.75836279,374.19351,-0.058977495
30.454843,27.946563,36.213803,33.802875,0.93342517,422.78677,-0.073945528
31.690995,29.154842,36.51671,36.290499,0.99380529,409.00273,0.030059592
30.046291,27.342344,40.446093,29.595595,0.73172939,468.70602,-0.064871085
31.385515,28.839871,37.093481,35.046359,0.94481181,415.37678,0.05058361
30.149284,27.223072,36.019835,33.308664,0.92473116,512.36732,-0.084787384
31.016771,28.469652,40.674627,31.315699,0.76990746,421.36388,-0.028624516
29.187635,26.287274,34.519965,32.569636,0.94350144,526.90358,-0.19484353
31.012681,27.887844,36.437782,34.83235,0.95594045,535.70481,-0.010185301
30.410059,28.217392,41.459627,29.598891,0.71392083,363.0485,-0.035760174
29.828158,27.530969,38.638409,30.469672,0.78858506,391.371,-0.091395497
30.833965,27.800898,35.996933,34.852017,0.96819408,520.5901,-0.018568511
30.783424,28.69595,41.354298,30.379625,0.7346183,338.70596,-0.031730508
29.456271,26.978563,36.976444,31.010855,0.83866513,433.22822,-0.13162096
30.68716,28.391313,41.636865,30.003272,0.72059393,378.62293,-0.069853199
30.895669,27.54634,37.689373,33.44248,0.88731856,584.92498,-0.031976708
29.084035,26.436265,37.063367,30.178106,0.81423001,475.09899,-0.24232092
30.750406,27.554568,40.149532,31.175907,0.7764949,555.92837,-0.053631977
29.892454,26.971108,42.925957,27.728703,0.64596587,516.57404,-0.071413995
31.959677,28.830343,38.523299,35.001991,0.90859277,517.74499,0.041719627
29.734647,26.92122,36.019132,32.407582,0.89973245,497.16227,-0.12913795
30.088229,28.681971,35.485912,33.667384,0.94875352,224.50441,-0.062219356
29.879208,26.740943,39.30554,30.07783,0.76523132,563.02688,-0.10425762
32.746348,29.995313,40.552496,34.930384,0.86136213,432.60521,0.096863976
29.707883,27.081515,36.68089,31.780572,0.86640679,459.05646,-0.09387926
29.164401,26.999641,36.833158,30.524218,0.82871575,375.22957,-0.18635754
29.298447,26.860496,44.558263,25.797614,0.57896364,427.83983,-0.14693722
29.813898,27.007923,41.655129,28.364067,0.68092616,494.05367,-0.099694192
30.893598,28.454474,37.158607,33.905624,0.9124568,402.68978,-0.063829319
30.219508,27.381955,45.181126,27.021273,0.5980655,492.70221,-0.047143186
28.910283,26.17433,36.592297,30.194493,0.82515982,497.27501,-0.22102241
28.65611,26.288594,35.293964,30.729965,0.87068611,424.31573,-0.20584793
31.073459,28.562149,36.915008,34.521194,0.93515336,413.66243,0.012330297
29.841923,27.710477,35.311973,33.282785,0.94253541,359.1731,-0.12219899
30.952438,28.810544,38.675763,32.731568,0.84630698,346.53677,-0.026328525
29.277682,26.937639,37.865091,29.952757,0.79103883,408.40426,-0.18503003
30.34509,27.626076,43.570994,28.151512,0.64610674,466.33062,-0.018872328
29.52817,27.576157,42.219158,27.500195,0.65136768,329.14093,-0.10020896
30.769281,27.55909,39.066734,32.03996,0.82013407,558.51575,-0.011462425
30.550714,28.213154,38.15357,32.323324,0.84719001,388.46399,-0.059905208
30.749351,28.440336,36.267586,34.405319,0.94865203,380.22231,-0.051876782
29.875846,27.184113,41.371841,28.658817,0.69271311,469.3443,-0.089123759
30.26181,27.171577,37.648293,32.136607,0.85360062,544.33532,-0.062936722
30.088443,27.337147,43.228123,27.898231,0.64537225,477.56077,-0.087648825
29.476057,26.755077,38.507819,29.867578,0.77562372,482.91252,-0.19045345
30.649553,28.279603,40.232281,30.916314,0.76844545,393.17608,-0.062414766
30.06066,27.657328,39.974654,29.952099,0.74927727,408.54311,-0.049060899
30.435913,28.97531,37.431541,32.68481,0.87318901,231.04769,-0.050787881
31.11162,29.404981,37.43276,34.134231,0.91188122,267.46978,0.024314168
31.294007,28.63396,36.60679,35.302161,0.96436102,438.53335,0.017442854
31.452888,28.232546,39.345206,33.224716,0.84444126,546.05583,0.0025463667
32.227974,28.70981,42.716614,32.211111,0.75406517,589.87385,0.095755971
29.823783,27.822434,34.591536,33.929364,0.98085737,334.73873,-0.099940654
29.389911,26.897727,38.876393,29.430634,0.75703099,437.30853,-0.14829867
30.262241,27.055256,40.712606,29.824948,0.73257281,569.10587,-0.061441437
30.227134,27.304278,44.37173,27.481277,0.61934204,510.10884,-0.0034865763
30.522519,27.660375,38.898105,31.669452,0.81416439,491.9197,-0.046271236
29.478215,26.642737,34.034178,33.690026,0.98988807,506.93876,-0.13504002
31.148537,27.635561,37.535762,34.122385,0.90906334,613.70235,-0.01932224
32.264136,29.129264,38.362924,35.813196,0.93353665,513.02691,0.054335702
31.600214,29.158528,40.939036,32.275956,0.78839072,392.84928,0.0074821937
30.451102,28.057368,40.916579,30.045639,0.73431454,400.67943,-0.081487388
30.296478,28.038424,37.215938,32.572619,0.87523304,376.99187,-0.10073755
30.624984,28.157401,39.279165,31.581488,0.80402646,412.22175,-0.076567566
30.427642,28.103258,38.573878,31.730879,0.8226002,387.74659,-0.064661455
31.039711,28.186076,41.632207,30.678509,0.73689364,480.59749,0.0067317769
29.392111,26.73445,33.962745,33.564007,0.98825956,471.3202,-0.15845045
29.738072,27.511158,34.672293,33.65691,0.97071484,379.02527,-0.076146284
33.348786,29.847055,38.748169,37.873217,0.97741951,562.84323,0.1130667
31.349622,28.178111,39.6708,32.749351,0.82552788,538.28245,0.027703979
29.08186,26.263021,37.87782,29.553257,0.78022592,511.55557,-0.17011444
29.842511,27.953561,45.177099,26.385775,0.58405201,313.50584,-0.10987453
31.387848,28.887,36.796662,35.331534,0.96018315,406.93372,0.01815989
31.013279,27.752397,45.253736,28.350394,0.62647632,563.75516,0.0054411986
31.085335,29.101417,36.655965,34.788668,0.94905886,316.41197,0.022624627
30.815214,27.472138,36.914223,33.954727,0.91982776,585.44806,-0.079628758
29.539184,27.153787,37.821728,30.511766,0.80672587,413.28008,-0.12019545
30.181261,27.937193,36.230248,33.188103,0.91603301,375.96066,-0.06281486
30.128618,27.876311,35.186083,34.042638,0.96750292,378.28708,-0.085827874
28.550384,26.212377,35.230181,30.560449,0.86745081,420.00028,-0.21251661
30.412386,27.906906,39.983873,30.631289,0.7660911,422.92286,-0.04797982
29.326194,26.520163,45.710788,25.260043,0.55260571,503.78714,-0.035955868
30.227068,27.022108,35.948788,33.544692,0.93312441,569.47043,-0.087804672
30.240458,27.481583,34.746504,34.727828,0.99946248,476.27914,-0.090255833
31.243713,28.814092,36.255869,35.527765,0.97991762,395.73771,-0.015771555
30.240957,28.06519,34.877261,34.598883,0.99201833,362.15896,-0.066134793
31.863957,28.676489,36.969524,36.239,0.98023985,531.10186,0.056257422
30.996942,28.315937,36.132672,35.088782,0.97110952,447.48835,-0.011356248
31.141738,28.72859,37.424488,34.207176,0.91403191,394.13787,0.044845879
30.557158,27.481332,45.454864,27.448871,0.60387094,535.05851,-0.030816803
30.700795,27.801103,43.875108,28.604657,0.6519564,496.12171,-0.017183223
29.774303,26.732903,44.836468,26.451017,0.58994427,544.5389,-0.12160978
31.884413,28.795402,36.915858,36.338024,0.98434727,511.2667,-0.0027186344
28.970863,25.922102,38.149728,29.135111,0.76370428,564.34036,-0.18216792
30.829189,27.961948,37.042797,33.869325,0.91432958,487.17903,-0.051888543
31.013099,28.684553,38.854173,32.711981,0.8419168,380.17127,-0.008484825
31.327788,28.447901,41.129665,31.595278,0.76818709,480.55172,0.017867011
30.350636,27.610964,36.926379,32.937788,0.89198532,470.38239,-0.10510082
31.443372,27.645456,38.282259,34.100679,0.89076978,667.58614,0.011553942
29.180684,27.425147,34.515015,32.55883,0.94332366,296.23841,-0.17078262
31.93271,29.464936,39.821493,33.833122,0.84961963,392.92153,0.062881213
30.768743,28.171134,37.184893,33.611396,0.90389924,435.07329,-0.012550047
30.893457,28.408746,36.380265,34.620437,0.95162686,411.36266,-0.036148191
31.340457,28.236978,36.383401,35.622881,0.97909706,524.72766,-0.027530463
29.998278,27.096444,40.332077,29.582314,0.73346864,510.33958,-0.077047138
31.436823,28.471052,41.297893,31.686976,0.76727827,495.4435,0.0045999273
30.419907,27.428848,37.536397,32.562192,0.86748314,520.32578,-0.054568126
30.645475,28.027342,36.168854,34.266782,0.94741133,441.11813,-0.068219162
30.795979,28.047486,36.753866,34.058298,0.92665892,464.17142,0.0051485458
31.256547,27.964719,43.58097,29.79336,0.68363234,564.86309,0.0035330736
30.871965,27.60188,37.810928,33.287071,0.88035584,568.78871,-0.039597327
30.47837,26.898998,41.998401,29.371425,0.69934626,644.8669,-0.045919915
31.073058,28.374041,39.349195,32.437918,0.8243604,449.70506,0.031638395
29.02596,26.81914,35.440805,31.390714,0.88572236,385.65002,-0.20241059
32.06766,29.970586,37.599926,36.090757,0.95986245,325.16614,0.044669665
32.017505,28.737102,37.83682,35.755418,0.94499005,546.50487,0.029041179
30.15108,27.64417,36.015094,33.316919,0.92508213,427.44716,-0.1465249
30.089616,27.586902,38.317155,31.243164,0.81538318,427.62802,-0.088154372
30.943447,28.336253,35.67766,35.412308,0.9925625,434.07611,-0.042452867
29.309573,26.923119,40.721909,28.029466,0.68831414,417.22924,-0.13944713
30.426414,27.505112,39.174441,31.26179,0.79801497,505.8352,-0.042813349
30.018923,28.06749,37.295451,31.920646,0.85588577,323.00015,-0.091598718
30.351245,27.782727,36.770451,33.075732,0.89951932,436.28635,-0.059936092
31.30479,29.076002,38.903042,33.279652,0.85545115,357.87262,0.03118937
31.113902,29.003369,35.778939,35.702086,0.99785202,338.82323,-0.020963909
30.952018,28.111024,36.141273,34.979184,0.96784593,479.68853,-0.057332727
31.217373,28.343768,36.053939,35.666011,0.98924033,481.31336,-0.008319288
28.628246,25.939691,39.506418,27.551134,0.69738376,492.79266,-0.2371588
30.68767,27.466837,39.476335,31.556551,0.79937896,562.53424,-0.058828536
30.672651,28.331764,36.382622,34.127894,0.93802732,387.32768,-0.032030268
30.681611,27.913116,38.473062,32.334551,0.84044652,470.17284,-0.041546811
31.005858,28.777169,35.63622,35.59655,0.99888681,361.77003,-0.0024441309
30.155056,27.024506,45.474016,26.755178,0.58836189,555.20163,-0.088356814
29.816994,27.347627,39.398676,29.8889,0.75862703,425.49961,-0.055009485
30.292019,27.33761,35.905088,33.728525,0.93938009,515.33441,-0.046483654
29.172939,27.086815,36.140919,31.10722,0.86072022,359.65397,-0.15445614
30.945958,28.735656,40.598502,31.231976,0.76928887,359.17314,-0.0054461817
30.195268,27.580274,37.500315,32.119972,0.8565254,448.1522,-0.10804634
29.311114,27.021392,37.598435,30.22318,0.80384144,397.80677,-0.18846272
30.748134,27.756782,36.055538,34.603041,0.95971501,513.79679,-0.027709168
31.13043,28.656284,38.244905,33.46535,0.87502767,405.76562,0.0076168858
32.125168,29.421416,37.857241,35.975784,0.95030128,433.51621,0.080220448
28.667408,25.842869,39.324444,27.743144,0.70549362,521.59792,-0.20069601
30.311667,27.787172,35.777683,33.890905,0.94726382,428.27839,-0.053595408
31.060805,28.292241,49.341984,26.307064,0.53315781,463.47338,0.046576419
29.398464,26.179841,41.311721,27.82023,0.6734222,591.95504,-0.11608519
31.404063,28.913293,37.51652,34.697137,0.92484958,404.8081,0.027242741
29.796638,27.652103,36.100512,32.469608,0.89942237,362.29997,-0.13661568
28.623658,26.173395,37.013665,29.287859,0.79127154,442.13712,-0.22737859
31.099371,28.537168,35.796968,35.650804,0.99591687,422.94704,-0.066234697
31.237388,28.446148,42.751319,30.295282,0.70863971,464.82441,-0.010508735
29.66729,27.357417,35.902593,32.364992,0.90146672,396.29656,-0.087028032
29.464256,27.143685,40.592255,28.399828,0.69963662,401.55595,-0.12936437
31.678281,29.497714,37.897477,34.951599,0.92226719,344.47473,0.068491863
29.08489,26.095155,43.47578,26.011594,0.59830081,548.65724,-0.096706407
31.327326,28.523615,40.142277,32.334822,0.80550543,465.68631,-0.011771068
29.329295,26.546201,34.379086,33.018423,0.96042177,498.85984,-0.17785909
31.07199,28.95547,39.444934,32.360012,0.8203845,340.42374,0.0012950898
30.251935,27.091883,35.994428,33.557512,0.9322974,559.33138,-0.098444222
30.302961,27.522152,40.319006,30.17787,0.74847754,479.56511,-0.054328286
30.676037,28.463286,39.524646,31.496303,0.79687756,363.2173,-0.019673588
28.972343,25.800913,39.823953,27.984903,0.70271535,591.83301,-0.1651747
30.845609,27.425125,41.605079,30.32597,0.72890067,601.2037,-0.014337428
30.478763,27.188448,37.721988,32.530277,0.8623691,581.96832,-0.013230785
32.059407,28.907115,39.523606,34.347404,0.86903518,520.3313,0.027744172
30.943564,28.11457,42.372594,29.994842,0.70788307,477.46278,-0.012129178
30.837892,28.397067,37.603275,33.393476,0.88804701,403.84923,-0.035057375
29.504743,26.924834,37.282262,30.865054,0.82787503,453.20778,-0.13480304
29.999642,27.222326,38.433268,30.970411,0.805823,484.55477,-0.10666257
31.37653,28.969586,41.586762,31.361042,0.75411118,389.61171,-0.023294265
30.904826,28.003273,43.540626,29.176103,0.6700892,492.63234,0.011650705
30.849671,28.313924,38.994441,32.261849,0.82734482,421.81561,-0.0091286219
32.023448,28.422037,39.311917,34.451012,0.87635034,611.58283,0.05484224
30.117568,26.955522,40.064856,29.998528,0.74874919,562.75831,-0.06463233
31.139668,28.755166,36.939999,34.644352,0.93785469,388.81455,0.010470737
30.25873,28.296327,43.93329,27.786739,0.63247571,322.14993,-0.052606179
30.479309,28.31008,40.440016,30.434043,0.75257248,357.72549,-0.038273815
30.161161,27.262133,37.056741,32.42115,0.87490558,506.49566,-0.053084523
30.584707,27.993861,37.703695,32.769035,0.86912,436.78917,-0.082790609
31.220151,28.267121,38.365143,33.553271,0.87457699,496.97298,0.034322993
28.217886,25.816636,38.650321,27.346033,0.70752408,439.10217,-0.28623667
29.287679,27.064783,37.59927,30.175259,0.80254908,384.89335,-0.1512683
29.346987,27.102947,45.555248,25.370925,0.5569265,388.18353,-0.1471533
31.047822,28.029572,36.075905,35.258874,0.97735245,513.34125,-0.012979877
29.581578,27.27776,38.90568,29.784269,0.76555066,396.41847,-0.10095469
29.169979,26.27607,40.134073,28.150628,0.70141467,525.88683,-0.12554219
30.629708,28.245383,42.99497,29.014646,0.67483815,396.20467,0.0041027123
30.938123,28.128276,36.431373,34.671895,0.95170432,473.76978,-0.013236464
29.876263,27.22624,39.21857,30.135307,0.76839383,460.8378,-0.098542343
31.635462,29.018799,36.951036,35.74027,0.96723323,424.87882,-0.010297068
29.702962,27.325582,36.311586,32.084751,0.88359543,409.06703,-0.099667292
31.001513,27.858328,35.885818,35.339471,0.98477541,539.6957,0.0043002201
29.840376,27.70101,38.326312,30.731275,0.80183231,360.70838,-0.12242772
31.370131,28.473011,36.241625,35.829425,0.98862634,483.1666,0.023661295
28.541282,25.501118,43.802161,24.927256,0.56908737,572.63481,-0.17037924
31.053901,28.042446,37.087803,34.319727,0.92536426,511.85182,-0.042481883
30.641897,28.304284,36.409676,34.03496,0.93477789,387.15199,-0.052187113
32.691568,29.52587,39.599302,35.63181,0.89980904,510.97732,0.11705082
29.01576,26.299013,39.977475,27.965511,0.6995317,491.04446,-0.1727219
29.771954,27.113833,42.510106,27.761775,0.65306295,464.38003,-0.051159616
30.7291,27.739585,38.47637,32.430334,0.84286365,513.79983,-0.087495888
30.077351,26.826192,41.788162,28.764016,0.68832929,582.8738,-0.089637517
29.561597,27.558723,34.226092,33.691153,0.98437044,338.37365,-0.12440144
30.198559,27.194844,37.91332,31.788204,0.83844422,527.50981,-0.070858992
30.656313,27.614717,38.159378,32.538781,0.85270732,525.93431,-0.046532904
31.237642,29.198051,37.147073,34.669479,0.93330312,324.59411,-0.010795986
30.97226,28.608258,38.177414,33.187684,0.86930153,387.37448,-0.0378452
30.508291,27.678773,35.642613,34.459025,0.96679291,485.58706,-0.073769807
30.817514,27.597185,35.544186,35.256571,0.99190824,559.58144,-0.084355273
31.634541,28.483005,37.406255,35.307198,0.94388486,528.50638,-0.0038282012
30.262177,27.74548,38.153489,31.726051,0.83153734,427.55509,-0.051961791
29.286311,26.735921,41.836273,27.297163,0.65247597,451.05893,-0.12562217
31.24942,29.646071,37.437145,34.430661,0.91969249,248.54014,0.030148317
29.548046,27.267855,37.569517,30.726308,0.81785209,392.2721,-0.10489821
31.731488,28.615293,38.484254,34.543245,0.89759424,519.56752,0.035102544
29.146743,26.637464,36.624325,30.655525,0.83702634,445.07274,-0.16763521
28.860973,26.722842,39.908926,27.722405,0.69464172,374.41003,-0.17875233
29.544306,27.435217,39.643676,29.188589,0.73627351,358.96085,-0.12595852
29.928998,26.962676,36.953691,32.017293,0.86641663,525.27812,-0.11242303
30.773438,28.261129,40.383011,31.049948,0.76888639,418.51008,0.0090999801
31.439007,28.303207,41.979409,31.204475,0.74332812,529.25902,-0.007123927
30.541885,27.887693,36.370915,33.850215,0.93069462,449.96436,-0.053395103
31.919167,29.034954,44.637136,30.341371,0.67973383,470.94771,0.088233447
30.046567,27.595118,35.308051,33.742143,0.95565009,418.21101,-0.14041997
30.755351,28.356633,41.477899,30.240956,0.72908603,397.08046,-0.072978342
30.433511,28.067279,43.083238,28.60392,0.66392224,395.66406,-0.051322892
33.301607,29.600879,39.569437,36.989731,0.93480557,602.76625,0.065052996
30.849867,27.91813,39.099275,32.178998,0.82300754,499.73678,-0.028786771
30.502434,27.785005,42.100227,29.34996,0.69714493,463.20126,-0.0429875
31.302002,28.730463,36.418663,35.501473,0.9748154,421.55273,0.011475732
31.210833,28.879657,39.342211,32.726458,0.83184085,377.91115,-0.010705758
31.578346,28.755738,37.649491,34.95836,0.92852145,464.99818,0.023367127
30.406978,27.593533,36.104091,33.798439,0.93613876,484.23451,-0.054966937
28.669613,26.219133,35.078903,30.942211,0.88207464,441.35908,-0.21678247
30.569229,27.416092,37.054062,33.296098,0.89858159,550.92194,-0.040535094
30.249153,27.524833,37.458348,32.26803,0.86143762,469.13302,-0.047559519
29.919077,27.629533,43.755,27.294344,0.62379943,388.52488,-0.12393006
30.48565,28.00232,36.0532,34.019839,0.94360111,417.44583,-0.031583808
30.798373,27.639613,40.960181,30.683953,0.74911664,547.18188,-0.0046377146
30.757588,27.995304,43.77625,28.765957,0.65711332,467.58072,0.01484346
30.378302,27.298853,40.728891,30.036034,0.73746261,539.58051,-0.042545161
29.827203,27.480828,36.020318,32.60654,0.90522631,401.00994,-0.11001245
31.249902,28.033273,40.157213,32.167135,0.80103006,549.54643,-0.016865602
31.752435,28.75761,42.12269,31.709911,0.75279881,495.30295,0.040688361
31.867551,29.821102,36.81728,36.396578,0.98857324,318.6084,0.031903204
30.516053,28.30057,35.233812,34.874771,0.98980975,365.89331,-0.076771896
28.637958,26.78872,33.400873,32.400995,0.97006433,320.58536,-0.2291106
31.611077,27.933251,40.625634,32.535617,0.80086421,637.5024,0.049348851
30.333965,27.1026,36.529314,33.252219,0.91028863,572.68776,-0.070580614
31.352715,28.893929,36.146832,35.883372,0.99271138,399.59269,0.033303558
28.863703,26.853391,37.760181,29.208553,0.77352788,349.07807,-0.18870325
29.00862,26.154117,38.607764,28.88116,0.7480661,520.80507,-0.20657554
30.883105,28.412953,37.441751,33.631617,0.89823835,408.74602,-0.032652024
30.041093,26.711784,36.676062,32.492203,0.88592399,600.77371,-0.10750732
31.354406,28.18837,37.45895,34.640677,0.92476369,537.07502,0.0059025626
31.428085,28.524463,38.016957,34.300478,0.90224156,483.39175,-0.0034261822
32.211884,28.900779,37.304473,36.701947,0.9838484,548.64439,0.064819165
31.030427,28.290531,35.853538,35.437123,0.98838565,458.39335,-0.021779003
31.268161,28.581433,37.722067,34.215884,0.90705218,444.07545,-0.01505944
30.859888,28.794271,36.681358,34.26542,0.93413717,333.78211,0.00033211715
31.170379,29.419817,37.143815,34.524371,0.92947832,274.49892,0.011349144
30.79137,28.121013,43.599035,28.934637,0.66365315,448.88422,0.0023026753
30.526954,27.4906,37.899152,32.483678,0.85710829,527.50443,-0.10124685
32.389255,30.1205,40.680445,34.080642,0.83776472,351.33506,0.078117693
29.456625,27.288998,34.612328,33.081986,0.95578623,371.55275,-0.14936469
31.404481,27.838313,37.881379,34.369634,0.90729627,618.84755,-0.018145427
32.067044,28.381964,43.47187,31.377578,0.72179039,627.92964,0.062726136
31.031483,27.621572,36.131239,35.168192,0.97334588,594.59662,-0.1211783
29.390677,26.459288,37.494784,30.464555,0.81250115,529.23623,-0.15272733
30.78533,27.647338,38.741654,32.33187,0.83455058,543.1548,-0.028231801
31.030118,28.167346,37.370098,34.013155,0.91017034,482.58232,0.0093131758
30.755029,28.594365,41.376606,30.309901,0.73253714,352.51271,-0.0058557566
32.444229,30.46535,44.322383,31.519195,0.71113494,300.80177,0.12250389
28.339999,25.593947,39.972405,26.726755,0.66863013,511.36142,-0.26327557
31.321405,28.605897,41.938849,31.006391,0.73932383,448.72711,0.077606178
30.112186,28.028508,41.34565,29.115473,0.70419675,346.52346,-0.061659099
31.564812,27.891077,37.025473,35.51041,0.95908051,637.77736,-0.00021729836
31.279889,28.231096,37.560819,34.385606,0.91546477,514.94043,0.011819653
30.417123,27.024301,39.057484,31.332601,0.8022176,605.50795,-0.060790556
29.289616,27.269469,35.911265,31.548069,0.87850064,345.24721,-0.1614814
31.178953,27.943053,40.388766,31.849081,0.78856287,555.00696,-0.028354236
30.609995,27.7295,36.695506,33.704091,0.91848008,493.97159,-0.073582259
30.629507,28.75276,37.861666,32.730484,0.86447553,302.33589,-0.036627637
30.511833,27.806045,43.767047,28.331939,0.64733495,460.71636,-0.13722925
31.008456,28.558201,35.67232,35.566499,0.99703351,403.07974,-0.0057187021
30.736591,27.851459,38.47571,32.44642,0.8432962,492.50621,-0.010211667
28.220431,26.570545,36.567967,28.81823,0.78807307,286.97856,-0.24287026
30.899139,28.232875,44.491609,28.591594,0.64262891,446.26423,-0.040094121
28.323844,26.063483,37.574584,28.285731,0.75278891,407.6891,-0.29827235
29.906446,26.61164,34.602091,34.107019,0.98569242,596.46709,-0.12288048
30.663195,28.097054,39.981131,31.127817,0.77856269,430.68156,-0.036108254
29.872948,26.876732,38.313073,30.80715,0.80408977,532.77958,-0.042761363
31.20966,27.995563,38.982018,33.015983,0.84695418,549.87659,3.3887914e-05
30.742258,28.285375,43.867142,28.683643,0.65387536,408.36277,-0.050440906
30.638462,27.556008,36.426279,34.012082,0.93372373,534.7366,-0.043527106
28.802482,26.293981,46.31714,24.13242,0.5210257,451.11023,-0.13444463
30.430821,27.492654,36.619557,33.381993,0.91158919,509.20839,-0.083437209
30.971698,27.618642,38.18363,33.181242,0.86899129,583.97373,-0.023197862
30.058133,27.644966,37.787472,31.599608,0.83624562,410.50801,-0.09713855
29.683924,26.631482,37.653333,30.937688,0.82164539,548.9007,-0.12961173
30.986844,28.35804,39.216824,32.366328,0.82531741,437.54115,-0.049066418
30.158072,27.161186,36.761319,32.668592,0.88866756,526.9231,-0.1190864
30.598642,27.532703,39.680693,31.223505,0.78686894,532.14554,0.0096518791
29.409378,26.3801,38.258436,29.920264,0.78205664,550.00284,-0.15954103
30.194687,27.276551,35.410076,33.976862,0.95952527,509.78114,-0.062556338
29.879061,27.45528,43.217629,27.533524,0.63709012,415.44071,-0.098850627
31.50561,28.502249,38.962847,33.651394,0.86367903,501.57348,0.031809967
30.368731,27.990094,40.729541,30.017215,0.73698879,399.01842,-0.03111865
30.579834,27.820701,37.492982,32.937932,0.87850925,470.13718,-0.0181569
28.645267,25.795446,44.606182,24.694844,0.55361933,527.64315,-0.16150859
29.565247,27.099279,38.149167,30.313444,0.79460304,429.01098,-0.11938203
29.443481,26.911928,41.189336,27.979054,0.67927906,444.40435,-0.19436264
30.217728,27.372768,35.766299,33.692949,0.94203063,494.2541,-0.058131547
29.143573,27.118219,39.02047,28.852061,0.73940833,348.21303,-0.1284764
30.579985,27.817912,38.230727,32.321057,0.84542095,470.7216,-0.018174871
30.817711,28.30781,36.56353,34.281108,0.93757655,417.35414,-0.0073819846
31.708666,28.241017,37.010778,35.847747,0.96857589,591.14891,0.018751156
29.846199,26.866533,36.296547,32.4044,0.8927681,529.8387,-0.15079689
30.98254,27.852562,36.553287,34.656227,0.94810153,537.38073,0.00034916053
30.375949,27.726967,38.335488,31.814459,0.82989576,451.79465,-0.056833298
28.992463,26.591611,34.387019,32.260874,0.93817013,425.45244,-0.16304125
30.653083,27.996343,39.282093,31.63598,0.80535372,448.56486,-0.036177575
29.051586,25.974798,39.524322,28.332367,0.71683375,568.68302,-0.19400104
30.4131,27.584092,37.485091,32.591136,0.86944263,487.2735,-0.029018018
30.152991,26.801108,36.430913,32.947464,0.90438204,602.99657,-0.12745228
30.680962,28.53127,44.971206,27.931552,0.62109859,351.44545,-0.049350741
30.794001,28.333416,38.091831,32.883749,0.86327562,408.27987,-0.11503089
29.941943,26.983943,35.984032,32.888028,0.91396172,523.25586,-0.075959578
30.238598,27.755406,35.730147,33.772982,0.94522371,421.35951,-0.075832271
29.915101,27.556405,35.348721,33.410907,0.94518009,402.06826,-0.11745974
28.276325,25.87885,37.300252,28.3896,0.76111014,437.24928,-0.33287695
30.082268,27.190544,35.39318,33.741405,0.9533307,506.55357,-0.070034149
30.403732,27.361406,46.188408,26.797306,0.58017383,531.29536,-0.05178815
30.005354,26.870746,43.736862,27.455409,0.6277407,559.3985,-0.063495917
30.347796,28.263846,37.787011,32.201694,0.8521895,343.53825,-0.06864262
30.963044,27.804497,39.3904,32.180651,0.81696685,543.657,-0.056068162
29.787836,26.69064,37.70708,31.107815,0.82498605,556.22933,-0.1265008
29.241117,27.486853,34.021948,33.163086,0.97475565,295.31972,-0.14275062
29.583082,27.677688,34.907173,33.086169,0.94783293,319.66934,-0.13457756
29.631553,26.669551,37.153919,31.229893,0.84055449,530.64242,-0.12335268
30.155918,27.623433,38.605837,31.153097,0.80695303,432.42174,-0.079425429
29.904516,27.661937,35.9902,32.801082,0.91138927,379.64358,-0.094349871
29.71379,26.772661,36.764317,31.722946,0.86287327,524.45825,-0.12475331
29.244794,27.082689,36.658127,30.831084,0.8410436,373.53208,-0.18973235
30.338097,28.007473,35.8239,33.906388,0.94647395,390.25181,-0.059472391
30.129003,28.011754,34.766075,34.453048,0.99099621,352.61934,-0.080510036
29.988178,27.065333,35.61144,33.328663,0.93589765,514.93068,-0.12918333
29.89704,26.683972,35.75303,32.998565,0.92295853,578.82234,-0.14124526
30.79862,28.678965,37.053674,33.79305,0.91200268,344.40863,-0.039924769
30.743275,27.702248,39.227824,31.860745,0.81219763,524.0477,-0.047586513
29.638987,27.350899,34.650272,33.45483,0.96549978,392.44485,-0.11739638
30.166741,27.644882,39.276838,30.666118,0.78076852,430.14115,-0.097885399
30.694495,27.944877,39.73636,31.372911,0.78952653,466.19102,-0.073159437
30.564734,27.664917,37.143863,33.207678,0.89402864,498.75654,-0.073185948
29.728786,26.675244,44.734984,26.428122,0.59077079,548.14507,-0.047308123
30.453961,28.141497,37.218181,32.905881,0.88413458,385.09288,-0.030108279
30.209412,27.589008,36.328732,33.160952,0.91280235,448.98728,-0.036859692
31.193389,29.182967,38.071921,33.747976,0.88642692,319.90285,0.024369805
30.634897,27.478794,38.478928,32.233108,0.83768206,550.12642,-0.07350739
30.608787,27.332598,35.378414,34.943724,0.98771314,575.98332,-0.03817432
31.454247,27.829064,37.865384,34.491909,0.91090872,630.168,0.0066311702
31.236987,28.905166,39.673482,32.516803,0.81961052,377.66948,0.016792991
30.094196,27.145396,37.46047,31.941497,0.85267211,518.18831,-0.1224223
28.276325,26.02028,37.300252,28.3896,0.76111014,407.58024,-0.33287695
29.930045,27.179152,40.948624,29.03629,0.70909073,480.44858,-0.060185253
30.777014,28.39565,40.631929,30.876586,0.75990943,393.47091,-0.017524393
30.253246,27.456046,35.932234,33.617699,0.93558611,483.82325,-0.090289132
29.731166,26.873148,35.414577,32.943325,0.93021937,506.56295,-0.12247237
29.864532,26.945045,35.781204,32.901921,0.91953087,516.75685,-0.10303121
30.082982,27.283495,42.263891,28.474068,0.67372093,487.51681,-0.070429933
31.82337,28.743978,37.847796,35.315703,0.933098,510.53837,0.042110565
30.088374,26.864601,39.717043,30.189851,0.76012334,576.69279,-0.15568403
29.961508,27.454912,36.341151,32.613311,0.89742098,430.51804,-0.095888033
29.87994,27.124786,40.545975,29.211097,0.72044381,482.27251,-0.10980812
29.649531,26.507114,38.395021,30.296232,0.78906668,569.18515,-0.14188536
30.952417,28.17688,37.420664,33.799825,0.90323957,466.74508,0.0073402318
29.0594,26.665522,34.600726,32.211521,0.93094928,422.89468,-0.16642019
30.435634,28.101203,39.76824,30.834873,0.77536428,389.54759,-0.030868703
29.479625,26.696959,37.855126,30.365776,0.80215758,495.76701,-0.1688507
30.804626,28.509591,41.900012,30.04825,0.71714181,376.82485,-0.053174976
28.961885,26.801754,43.905222,25.574996,0.58250466,377.29974,-0.15447112
30.722686,27.533699,40.699033,30.722586,0.75487264,555.09887,-0.025161542
29.90814,27.938391,38.782737,30.520782,0.78696822,327.76093,-0.10238244
30.192753,26.856002,39.639794,30.450337,0.76817595,598.732,-0.094875165
30.782779,28.332793,40.89533,30.699657,0.75068857,406.42758,-0.0406211
30.105661,27.088111,42.5555,28.334803,0.66583174,532.35756,-0.061726756
30.632069,28.122772,40.039941,31.02281,0.77479659,420.15878,0.015364391
30.655701,27.96589,37.787303,32.848406,0.86929746,455.03499,-0.04073117
30.231612,27.202524,35.710194,33.776116,0.94583961,532.12983,-0.11445418
28.635773,26.121455,37.320289,29.082518,0.77926831,455.40278,-0.1926932
30.30644,27.436235,36.520135,33.20065,0.90910534,497.71027,-0.079237554
31.852449,29.64984,39.634595,33.819663,0.85328644,346.25873,0.078268547
30.616101,27.580067,39.371267,31.492899,0.79989551,525.61038,0.01240803
30.190927,27.567932,35.908531,33.502076,0.93298374,449.82516,-0.14704008
30.735108,28.653307,36.116192,34.516291,0.95570129,338.26715,-0.027081866
30.912326,28.480981,38.348787,32.917712,0.85837686,400.93572,-0.035320021
30.938595,28.685538,37.808222,33.431464,0.88423793,367.17047,0.0070012154
30.739007,27.546414,35.840856,34.78825,0.97063111,555.4982,-0.068160982
32.13365,29.616982,44.036414,31.125869,0.70682115,398.98101,0.10640505
30.343355,27.63809,39.185324,31.086876,0.79332955,463.60382,-0.051605832
30.887203,28.085331,37.912163,33.232818,0.87657403,473.10638,0.0060975731
30.146133,27.909458,35.797827,33.505311,0.93595936,375.04696,-0.043772287
29.604928,26.931907,34.673355,33.356211,0.9620128,470.51908,-0.14078291
31.552431,28.212576,42.968143,30.743514,0.71549553,568.31565,0.051777826
30.588741,27.405632,40.948906,30.287306,0.73963651,556.7833,-0.049108563
30.049168,27.162134,40.57081,29.515605,0.72750839,506.24046,-0.048682114
29.23134,26.937749,41.430718,27.44385,0.66240345,399.82667,-0.13742496
30.538608,28.439793,37.397988,32.931632,0.8805723,343.86406,-0.04929332
30.005708,27.228011,39.239337,30.375117,0.77409863,484.51785,-0.15212762
29.887052,27.412487,44.520227,26.812974,0.60226499,425.37936,-0.10995469
29.440217,26.398956,42.222522,27.341263,0.64755164,551.91784,-0.13228013
31.13503,28.29965,43.038734,29.916289,0.69510152,475.27404,-0.012721379
31.116219,28.078276,37.264582,34.295649,0.92032828,515.96901,-0.040451195
31.307293,28.280668,39.072803,33.144822,0.84828368,509.97324,-0.036284821
30.221374,27.682277,41.28924,29.357376,0.7110176,432.64189,-0.022897861
30.383649,27.887075,41.039987,29.832147,0.72690441,421.64636,-0.05029174
31.21189,27.409636,38.292876,33.597385,0.87737952,674.66938,0.005239215
30.041908,27.115163,34.820651,34.200869,0.98220071,514.65172,-0.10589353
29.16117,27.304054,33.868001,33.131632,0.97825767,315.65156,-0.20307749
29.641015,27.042063,38.624079,30.108128,0.77951703,454.66178,-0.090518915
30.459784,27.992442,37.541686,32.641961,0.86948575,414.75321,-0.060231893
31.433117,28.350389,37.746375,34.552645,0.91538977,518.73468,0.016778048
32.334124,29.617732,37.159914,37.124407,0.99904447,432.60288,0.081339946
29.442704,27.275082,36.111225,31.702467,0.8779117,371.75161,-0.18698507
30.353521,27.407576,47.354365,26.124132,0.55167315,512.34895,-0.10894294
31.266565,27.961768,48.692502,26.952445,0.55352351,567.32373,0.040530974
30.670647,27.790867,37.579335,33.057158,0.87966318,492.67529,-0.04259239
31.479423,28.100251,41.911837,31.330049,0.74752268,578.00519,0.016445044
30.311715,27.694775,38.304924,31.706865,0.82774906,446.53518,-0.070327342
30.191832,27.008623,36.920404,32.603187,0.8830669,565.61408,-0.12863003
30.456495,28.192294,36.531948,33.516612,0.9174603,375.89793,-0.039499397
29.570351,26.771787,42.239852,27.563218,0.65254059,497.30553,-0.13503309
31.154817,28.644632,36.8385,34.772252,0.94391063,412.20504,-0.0058548833
30.968066,28.672278,37.58029,33.692933,0.89655863,374.69914,0.0028234002
30.630334,27.751738,42.299869,29.458034,0.69640958,493.20084,-0.079294034
29.30316,26.513874,39.941328,28.527666,0.7142393,500.69899,-0.11402578
31.90119,28.821334,37.397352,35.910434,0.96024002,509.15369,0.00047558929
29.357271,27.011726,33.794855,33.650627,0.99573226,408.23226,-0.1693344
31.427386,28.129497,42.87542,30.569851,0.71299247,562.4149,-0.034364923
30.340351,28.579501,35.148875,34.557954,0.98318807,284.65331,-0.047458306
31.379564,29.190614,37.792802,34.394533,0.91008156,349.69421,0.0041684405
30.095286,27.051672,39.472488,30.380748,0.76966894,538.07097,-0.10993424
31.945306,29.178591,37.28537,36.116834,0.96865965,448.18306,0.074668945
29.385761,26.414295,39.051624,29.297728,0.75023071,537.98628,-0.1321766
30.103316,27.737064,39.96499,30.041662,0.75169948,400.65149,-0.059793414
31.415777,29.627055,37.207475,35.007257,0.94086623,278.69195,-0.0025662887
30.365768,29.054812,34.898667,34.86356,0.99899403,206.02467,-0.048772728
31.864945,28.274059,36.673018,36.533562,0.99619731,613.10129,0.050200709
32.641287,28.977777,44.884108,31.517661,0.7022009,610.0847,0.024449662
30.934821,28.146656,44.051082,28.918061,0.65646654,469.54558,0.019722342
30.77116,28.662939,36.143187,34.57134,0.95651055,342.65764,-0.024772013
32.606129,29.711648,39.76056,35.307276,0.88799745,461.26974,0.076653202
31.27792,27.717375,40.497931,31.964498,0.78928719,620.7088,-0.013122447
31.087521,28.335132,40.115798,31.872433,0.79451076,459.84715,0.04018905
30.454083,28.184272,43.055917,28.657871,0.66559658,376.99396,-0.024037705
30.38356,27.474206,40.044609,30.5308,0.76241971,504.22817,-0.047872434
29.588052,26.723585,41.995768,27.742492,0.66060209,510.82926,-0.13282311
29.991809,26.842748,35.600968,33.346361,0.93667006,562.80537,-0.1466002
32.749593,29.741839,40.045894,35.367208,0.88316689,480.01969,0.10970426
30.841989,28.504898,37.310405,33.65868,0.90212582,384.1843,0.002517067
31.188981,28.32563,43.298929,29.848659,0.68936252,479.80811,0.00040653811
30.508742,27.488407,38.680496,31.812442,0.82244141,524.56572,-0.041553967
30.381189,27.051213,45.12165,27.329959,0.60569502,592.76655,-0.047683302
31.03892,28.450892,45.227211,28.410431,0.62817119,428.84702,-0.016080084
31.061674,28.441209,36.3803,34.996779,0.96197058,434.71277,-0.0050748887
32.08096,29.063364,41.258286,32.997214,0.7997718,493.71643,0.069963711
30.859601,27.869461,40.104137,31.426162,0.78361396,511.35052,-0.05612537
31.612615,28.337292,38.023924,34.694306,0.91243362,553.87367,-0.011384019
31.389079,29.469739,37.616478,34.573669,0.91910967,301.64492,0.051014432
30.144604,27.108511,38.276326,31.387339,0.82001964,535.43612,-0.079583125
30.646395,27.839821,37.890516,32.741837,0.86411695,478.41316,-0.084323583
30.151307,28.038902,39.169833,30.71519,0.78415422,351.41226,-0.060112717
30.313738,27.877452,38.586525,31.488437,0.81604749,411.01283,-0.065287858
30.910762,27.956116,36.186578,34.842956,0.96286961,503.18249,-0.02264731
29.988042,26.81545,41.90674,28.524503,0.68066624,567.95549,-0.084186808
29.749311,27.612521,37.27592,31.374846,0.84169207,361.46703,-0.12071207
31.297591,28.914282,41.660457,31.155636,0.74784671,386.35023,0.010904166
31.242979,27.971587,42.080211,30.758369,0.73094617,560.94169,0.036247692
30.485051,27.540198,39.375655,31.22648,0.79304028,509.50553,-0.0534005
29.672325,28.331784,35.65742,32.594204,0.91409316,216.39194,-0.081651836
29.905076,27.09194,37.771198,31.297348,0.82860352,493.75951,-0.090823925
30.78549,28.124862,36.29786,34.457353,0.94929433,447.0798,-0.029980171
30.266924,27.377086,41.02167,29.622834,0.72212648,502.51074,-0.089088473
29.081852,26.716523,33.563602,33.249832,0.99065149,416.70407,-0.15987264
30.72624,28.81672,38.452107,32.444173,0.8437554,307.14582,-0.020517849
30.366473,27.167944,41.49327,29.494479,0.71082562,564.9567,-0.048208503
30.587014,27.181836,40.930052,30.297124,0.74021711,604.08501,-0.1229139
31.058796,29.277347,37.740893,33.747417,0.89418704,280.96762,0.034350607
29.834652,27.007802,35.929042,32.703958,0.9102374,497.98621,-0.12197113
30.130506,27.332686,41.266788,29.201717,0.70763242,486.27018,-0.038325496
31.026535,28.064237,40.012754,31.828397,0.7954563,502.49716,0.034111681
29.333932,26.675093,38.071318,29.909945,0.78562935,472.66187,-0.18437505
31.40332,28.299741,38.330369,33.973174,0.88632525,523.49814,0.016466185
33.500483,29.776025,43.096738,34.447455,0.7993054,603.08689,0.10880609
29.079931,26.576714,33.582565,33.22671,0.9894036,445.00848,-0.18300671
30.5233,27.968504,35.277599,34.848108,0.98782539,430.75239,-0.022080404
29.11768,27.313666,38.770763,28.977143,0.74739676,306.09719,-0.11571669
29.371987,27.14877,33.848107,33.631418,0.99359821,383.6947,-0.14171004
31.825998,29.476254,41.019382,32.667068,0.79638128,372.95481,0.058380883
30.657397,27.639827,44.025845,28.437435,0.64592593,520.97405,-0.013519481
29.345212,26.536655,37.941448,30.030137,0.79148631,503.93699,-0.1499839
29.072792,26.69048,38.679782,28.954508,0.74856958,420.31099,-0.15413474
29.396401,27.066005,35.188931,32.414599,0.92115898,404.58053,-0.128488
29.536736,27.363973,44.676327,26.13535,0.58499325,371.40483,-0.1465355
29.851293,26.640112,40.548924,29.154891,0.71900531,579.48261,-0.079793674
31.391801,28.237647,43.304736,30.220674,0.69786073,533.90998,-0.036906478
31.187775,28.947279,44.302963,29.220155,0.65955307,361.53762,-0.012770088
29.115269,26.88105,36.086613,31.031418,0.85991495,389.75946,-0.18540936
30.832074,27.77872,41.79435,30.171413,0.72190172,524.77227,-0.0047758079
31.294341,28.139432,37.536309,34.439198,0.91749027,536.04808,0.015946831
31.641678,29.056583,38.702933,34.160589,0.88263566,418.86626,0.016279035
32.545903,30.456759,38.067289,36.718164,0.96455947,318.46031,0.067421061
30.298829,27.245782,40.892436,29.771392,0.72804155,535.73372,-0.03349275
30.000418,28.001037,42.482543,28.189264,0.66354936,332.15467,-0.080953792
29.905085,27.597216,39.599652,29.91662,0.75547685,392.29665,-0.10903175
30.613297,27.638974,38.818616,31.917067,0.82221033,512.99618,-0.062611176
28.709096,25.882074,38.312039,28.510506,0.74416571,521.24174,-0.20886233
30.248564,26.968213,37.517614,32.217329,0.85872543,585.178,-0.088029824
30.431667,28.10149,35.293458,34.624,0.98103167,388.79347,-0.037045085
30.619527,27.402589,37.215306,33.262965,0.89379799,563.21987,-0.06175764
29.49366,27.129701,44.190719,26.3211,0.59562506,409.73169,-0.087919043
30.236576,27.395521,36.661772,32.924162,0.89805156,493.09107,-0.037164068
30.632667,28.587026,40.51585,30.67829,0.7571923,332.90942,-0.056031354
30.743014,28.223077,42.471151,29.556246,0.69591347,420.45778,-0.067662759
31.416703,28.627953,37.335634,34.890667,0.93451383,461.24174,0.022770592
28.661164,26.362161,34.130372,31.766579,0.93074225,410.095,-0.204373
30.699024,27.14109,35.269452,35.258385,0.99968622,634.48846,-0.035206463
30.534616,27.648899,38.801579,31.769779,0.81877542,496.47117,-0.029084524
30.923677,28.154732,38.026378,33.212896,0.87341729,465.954,-0.051429418
30.373513,27.206866,36.268293,33.574093,0.92571474,558.03887,-0.062244814
29.268008,26.752426,41.115208,27.704997,0.67383818,444.22288,-0.15088251
29.492191,27.16799,35.621672,32.235053,0.90492815,401.83993,-0.16075539
30.591967,27.582047,36.362791,33.96803,0.93414254,520.72539,-0.055974406
30.781315,28.338787,48.211933,26.399281,0.54756735,405.02724,-0.0094107954
30.300249,27.857148,35.918,33.734761,0.93921602,412.54936,-0.078808087
29.411736,26.450507,35.374924,32.280458,0.91252376,535.20932,-0.16390241
31.700783,28.687706,39.455264,33.650869,0.85288667,499.8299,0.014503224
30.902045,29.048009,35.940916,35.0599,0.97548711,295.34229,-0.026119338
30.551534,28.229282,37.346913,33.003129,0.88369096,385.54436,-0.027427313
29.515777,26.71381,34.224439,33.588587,0.9814211,499.10756,-0.16262268
31.200965,27.876929,36.337753,35.351385,0.97285556,572.75277,0.0092349027
28.290749,25.691404,37.926776,27.974282,0.73758659,480.25761,-0.32662901
30.455149,27.465498,36.616506,33.437638,0.91318484,519.31963,-0.070642207
31.60472,28.644703,37.007965,35.616609,0.96240388,491.21388,0.035753394
29.176229,26.841284,40.668266,27.818114,0.68402508,409.01131,-0.11773741
31.011428,28.510336,36.60115,34.675618,0.94739148,412.67269,-0.013162915
30.7302,28.422196,37.273023,33.450474,0.8974446,380.30262,-0.040712733
30.989408,28.396082,38.130541,33.26367,0.87236293,430.65939,-0.022723481
30.764583,27.549137,39.126103,31.983665,0.81745083,559.71692,-0.053067417
30.355146,26.942315,39.2568,31.056414,0.79110916,611.37344,-0.060209392
29.195326,26.447352,40.948575,27.676491,0.6758841,494.09965,-0.11579103
31.077981,28.026411,38.991899,32.734581,0.8395226,519.47711,-0.038265028
32.637138,29.302368,37.990034,36.998289,0.97389461,544.72159,0.069886903
29.142958,27.089716,39.712971,28.378384,0.71458729,353.64939,-0.11737476
29.589765,26.641738,43.699533,26.754325,0.61223365,528.5486,-0.064834182
30.250775,28.018204,35.289545,34.218391,0.96964668,372.78886,-0.065702585
30.00042,27.395189,36.922144,32.194895,0.8719671,449.58126,-0.12816217
30.639514,27.559685,35.831303,34.573303,0.96489104,534.17129,-0.054878869
30.821241,27.722714,40.82262,30.826118,0.75512344,534.25981,-0.03251749
28.907537,26.827271,41.062409,27.084642,0.659597,362.24508,-0.1349464
30.026333,27.279599,42.881478,27.994084,0.65282459,477.78887,-0.04389366
31.443138,27.913499,36.203083,36.034514,0.99534377,610.21179,0.026172148
30.492814,27.571752,41.778111,29.54288,0.70713775,504.48283,-0.041552186
28.799183,26.250345,45.471633,24.523493,0.53931412,459.64741,-0.088156156
28.472167,25.765759,38.263598,28.088856,0.73408821,499.87401,-0.21347173
30.582886,28.11863,37.569622,32.878957,0.8751474,412.2342,-0.046569353
29.862272,27.122948,38.57197,30.588008,0.79301129,479.35033,-0.069989811
30.63238,27.756451,38.922901,31.873789,0.81889552,492.62322,-0.039143815
30.22252,27.686108,39.485644,30.622011,0.77552265,432.0928,-0.063747997
29.589765,26.821041,43.699533,26.754325,0.61223365,490.67541,-0.064834182
31.17383,28.254767,41.394314,31.10422,0.75141285,491.09529,0.029584175
30.507199,27.29515,42.80467,28.910049,0.67539475,564.68102,-0.058422323
30.386238,28.340656,35.784287,34.050778,0.95155671,335.93796,-0.058651042
29.482035,27.581119,35.644738,32.192648,0.9031529,320.05207,-0.13984892
29.950227,27.141214,39.605193,30.000594,0.75749142,492.02982,-0.072101776
31.129399,27.653244,38.417674,33.316756,0.8672247,606.33169,-0.02106086
30.003574,27.67493,34.497532,34.432617,0.99811827,394.85509,-0.076569101
30.239091,28.416388,37.812889,31.953936,0.84505408,296.87067,-0.0459051
31.130701,28.415694,39.364497,32.543935,0.82673317,451.83437,-0.0072128402
31.214001,27.956156,43.422699,29.815714,0.68663889,558.77448,0.044929834
31.361182,28.286526,37.471773,34.643859,0.92453215,518.53083,0.0134516
30.367731,27.977974,40.441909,30.21645,0.74715686,401.17603,-0.0074853326
29.937947,27.375967,35.299825,33.50753,0.94922652,441.97877,-0.093038947
29.466322,27.549028,39.150746,29.383674,0.75052655,323.33753,-0.12072259
30.115339,28.085704,36.504407,32.801261,0.8985562,336.36515,-0.076285838
30.684616,27.734496,39.234861,31.736303,0.80888023,506.65391,-0.036761946
29.439711,26.741845,38.424255,29.857384,0.77704524,478.78811,-0.27055313
31.215403,29.586492,41.05096,31.43185,0.7656788,253.1861,0.04056387
31.695199,28.407322,40.141595,33.083774,0.82417688,554.68272,-0.011584937
29.697999,27.592378,39.629324,29.494252,0.74425322,356.19129,-0.1219324
27.68248,25.495372,38.088939,26.71415,0.7013624,403.00952,-0.35244207
28.781758,26.165766,37.264273,29.414812,0.78935692,474.19293,-0.21484191
30.490149,27.634699,37.64438,32.619426,0.86651518,491.17749,-0.044340687
30.727356,27.643746,43.598247,28.819616,0.66102695,533.12979,-0.011157629
30.422133,27.76356,40.833074,30.047883,0.73587119,452.89925,-0.036448416
29.882364,27.054596,38.551983,30.643424,0.79485985,497.23799,-0.082719777
31.002057,27.820735,42.68976,29.895829,0.70030444,547.52633,0.0047119511
29.756154,27.033067,37.52339,31.189239,0.83119458,478.00913,-0.10764476
29.030002,26.595021,40.403207,27.717618,0.6860252,431.81526,-0.15100375
29.2999,26.501035,39.977664,28.497277,0.71282997,502.79876,-0.1720754
30.584707,27.904409,37.703695,32.769035,0.86912,454.38526,-0.082790609
31.13557,28.135181,40.39169,31.760374,0.78630959,508.03998,0.0045862067
30.320609,27.684503,35.932727,33.766157,0.93970484,450.19198,-0.085345123
27.683806,25.415734,39.745138,25.685365,0.64625174,420.2206,-0.30416063
29.198307,26.866205,36.933447,30.513914,0.82618645,408.08258,-0.18332833
30.090915,27.5669,36.711071,32.568432,0.88715559,431.82456,-0.075088227
30.777619,27.450261,41.331421,30.38432,0.73513854,582.98062,-0.03732657
30.871354,28.336599,35.52394,35.399937,0.99650929,421.28285,-0.015472976
28.660529,25.781322,39.562605,27.574648,0.69698766,533.79564,-0.2177704
30.75839,28.250418,39.007451,32.064502,0.82200968,417.91211,-0.053177106
30.073525,27.458459,42.369961,28.390979,0.67007329,450.2806,-0.2030842
30.915306,28.12167,36.975534,34.118118,0.92272144,470.97369,-0.011797913
30.505965,28.407375,36.228174,33.902417,0.93580253,344.23755,-0.04276343
31.807604,29.272437,41.082318,32.582409,0.79310054,407.09541,0.051583243
29.093666,26.444111,39.324433,28.547267,0.72594223,475.29015,-0.16742433
27.3515,25.156692,35.435926,27.935462,0.78833729,410.27956,-0.35343818
31.022585,29.020336,37.656016,33.743858,0.89610802,320.41102,-0.017300529
31.210664,29.021034,39.04061,32.970146,0.84450899,351.95891,0.011518735
29.407046,26.64381,36.978614,30.907345,0.83581675,493.11729,-0.17011734
30.539402,28.245479,39.767639,31.040788,0.78055394,380.34986,-0.030749596
31.68008,29.157631,37.575696,35.250566,0.93812142,406.62192,0.059667058
31.313241,28.838058,38.802572,33.380967,0.86027719,403.23776,0.018702728
32.037872,30.171762,37.38541,36.229189,0.96907292,285.79696,0.082578521
28.856273,26.982335,34.927113,31.474937,0.90116057,322.63042,-0.19924795
30.059807,26.963837,41.772922,28.741398,0.68803897,549.93797,-0.059083425
31.331089,28.569601,38.671302,33.528644,0.86701618,457.43467,0.030381664
31.509215,29.058156,39.373488,33.318696,0.8462216,395.88432,-0.0056695915
31.336071,29.095194,43.264387,30.143305,0.69672326,359.66657,0.0022103081
29.530033,27.019731,36.808802,31.300989,0.85036697,438.57312,-0.14358134
30.481088,27.4243,40.355339,30.497879,0.75573342,532.69169,-0.01049228
31.526959,28.559806,44.146851,29.931953,0.67800878,494.04392,0.057517081
30.669518,28.252097,38.23933,32.500437,0.84992171,401.92354,-0.007683
28.994285,27.038728,43.74997,25.711285,0.58768692,336.65122,-0.14918763
30.389411,27.427246,43.924068,28.022332,0.63797216,514.9748,0.0067374252
29.488052,27.314988,40.784607,28.319215,0.69436037,372.1616,-0.16441627
28.708907,26.513804,33.036841,32.919034,0.99643406,388.15395,-0.18108736
29.24082,26.197314,39.486634,28.716685,0.72725078,556.92908,-0.17047045
32.066633,28.911758,37.703078,35.990578,0.95457929,520.69863,0.019907237
30.894609,27.9199,43.165959,29.391661,0.68089905,507.54282,-0.011697698
30.110282,28.294713,40.469621,29.701764,0.73392742,296.98514,-0.037952706
31.046773,28.702279,39.227756,32.480588,0.82800016,382.67083,-0.0079959412
29.785286,27.138227,35.513426,32.971802,0.92843204,461.87896,-0.15648824
29.996013,27.145636,41.828341,28.588707,0.68347696,499.69187,-0.09451828
30.306012,28.355929,42.332185,28.838885,0.68125198,319.32568,0.020666245
30.466753,27.794663,35.554292,34.450371,0.96895113,454.80804,-0.015181985
30.238034,28.052829,43.560281,27.967735,0.6420467,363.9828,-0.012480857
30.745581,28.212282,36.153684,34.504218,0.95437626,422.99407,-0.039310173
29.782752,27.289953,39.393611,29.825756,0.75712166,430.74982,-0.10989893
29.432866,27.442944,37.745697,30.355581,0.80421304,337.56514,-0.16866655
30.275751,27.864645,41.989499,29.001357,0.69068118,406.71359,-0.037180291
29.610118,26.757221,40.198532,28.934701,0.71979497,507.93631,-0.14360714
30.573825,27.423244,39.277409,31.479663,0.80146995,550.28758,-0.055836114
29.593741,27.429753,40.959405,28.402241,0.69342417,368.88885,-0.099394572
29.445916,26.342452,42.70004,27.071067,0.63398225,565.37282,-0.17777774
30.867837,28.471296,37.432873,33.606523,0.89778101,395.01001,-0.0038991615
29.263085,26.048342,42.704322,26.747951,0.62635232,594.40692,-0.09974916
31.104646,27.82863,37.151696,34.372814,0.92520176,564.90166,-0.0015529732
31.006153,27.757596,40.153275,31.68133,0.78900987,561.34917,-0.011554692
30.309471,27.620769,38.7858,31.324581,0.80763014,460.88857,-0.0912789
31.545437,28.344504,36.835492,35.648553,0.96777731,540.21991,0.052789466
30.441354,27.740744,36.15397,33.82828,0.93567263,460.9302,-0.058631205
28.794506,25.938019,36.22145,30.253001,0.83522335,525.84933,-0.19482088
30.633215,28.156996,37.04992,33.437844,0.90250786,413.75682,-0.054012721
32.462747,28.826096,38.130935,36.471035,0.95646842,608.69451,0.077640742
29.65711,26.396785,37.00156,31.40743,0.84881367,594.91483,-0.13836909
30.653099,27.779657,38.437729,32.304162,0.84042849,491.72867,-0.0018605336
31.399908,27.939529,39.354779,33.106968,0.84124391,596.6843,0.035592155
29.448616,27.17196,38.59843,29.74688,0.77067591,393.09044,-0.18343425
32.281095,29.86197,39.130232,35.159651,0.89852906,379.3433,0.089495735
30.432035,27.529782,36.697223,33.315298,0.90784247,501.82562,-0.05865751
31.492068,28.35019,39.412977,33.250795,0.84365095,529.41671,0.0058085921
31.265484,28.836205,39.117253,33.02147,0.84416639,395.35806,-0.029287079
30.506868,28.080415,35.544794,34.550055,0.9720145,406.12475,-0.043327043
30.764055,28.869554,38.107147,32.80795,0.86093955,304.036,0.002876706
30.195186,27.664086,35.359052,34.026622,0.96231714,431.49632,-0.10676088
29.186408,26.235713,36.200128,31.086111,0.85872931,537.85279,-0.18272229
30.345914,27.958466,35.956573,33.80004,0.94002394,401.0618,-0.07390392
30.122438,27.508056,39.133081,30.68522,0.78412482,449.29182,-0.069291238
31.603045,29.027822,37.75213,34.918897,0.92495171,417.60897,0.0017922877
30.86976,27.988774,42.187037,29.979285,0.71062789,489.17286,-0.0059912214
29.784932,26.995622,41.51703,28.398291,0.68401546,491.15787,-0.11679345
30.906893,27.833315,36.296126,34.729989,0.95685114,527.38869,-0.02069338
31.721461,27.998924,40.446427,32.897527,0.81336052,644.26662,-0.012259155
29.212402,27.056852,34.500433,32.642883,0.94615864,372.71275,-0.15347258
31.137765,28.813303,36.269908,35.274205,0.97254741,377.67812,0.015593531
31.298656,28.677727,38.316532,33.761732,0.88112702,430.98763,0.02357248
30.535746,28.452378,36.743057,33.499565,0.91172502,341.04638,-0.024235393
29.574108,27.274668,37.372508,30.935549,0.82776218,395.66943,-0.13207946
29.787242,27.172467,35.203918,33.262239,0.94484479,455.27152,-0.12207508
29.146719,26.846814,40.72731,27.726591,0.68078619,402.4288,-0.15489233
30.705315,28.11651,35.902907,34.652677,0.96517748,434.40202,-0.038400009
33.020977,29.120098,39.77978,36.184637,0.90962387,649.5533,0.10011372
28.988507,26.907011,34.075757,32.543491,0.95503352,361.33937,-0.16477706
29.855551,28.046478,35.777528,32.885623,0.9191698,298.61225,-0.069223825
30.987798,27.71778,42.050878,30.29309,0.72039137,566.2159,-0.0081781151
31.19784,29.165395,37.069975,34.652733,0.93479246,323.78159,0.02977295
30.208721,28.034509,38.449394,31.382057,0.8161912,362.30338,-0.1225997
30.17527,27.435937,40.094196,30.089571,0.75047198,473.52038,-0.10061135
29.934858,28.026082,36.570195,32.356706,0.88478351,316.09386,-0.096140353
31.560694,29.165194,37.916943,34.677272,0.91455873,384.9089,-0.023480645
29.787836,26.703448,37.70708,31.107815,0.82498605,553.47058,-0.1265008
32.03696,29.028452,45.527496,30.004686,0.65904538,492.76031,0.080801181
28.630212,26.849727,34.563355,31.308164,0.90581956,307.38178,-0.21600597
29.80736,27.515638,45.524102,26.146357,0.57434097,390.61655,-0.081722337
30.19456,27.186801,41.5953,29.105755,0.69973662,528.43887,-0.10685915
30.682475,28.422212,40.564749,30.740343,0.75780925,372.00782,-0.0424834
29.580704,26.498494,39.236537,29.544747,0.75299068,557.65204,-0.15518037
30.966852,27.893773,38.991172,32.505551,0.83366437,526.07157,-0.011039335
29.736789,27.069491,43.099991,27.351152,0.63459763,466.90227,-0.094407043
32.212395,29.778231,38.082111,35.959071,0.944251,382.96698,0.071130731
31.028042,27.573302,38.176175,33.306754,0.87244869,604.18359,-0.014154047
29.072907,27.115882,33.436002,33.356057,0.99760901,335.91022,-0.19540068
30.830359,27.74702,36.988046,33.921139,0.91708382,530.95101,-0.0077850178
30.654572,27.29381,39.737069,31.292703,0.78749397,592.94225,-0.04523728
31.906463,29.347804,41.485639,32.476552,0.78283842,409.9735,0.070104059
29.735927,27.093529,36.988214,31.582973,0.85386584,461.82296,-0.13723053
30.841916,28.760589,36.218518,34.658209,0.95691958,336.86154,-0.11476369
30.432533,28.177322,38.632972,31.694197,0.82039242,374.53344,-0.068329912
29.878104,27.647302,35.414495,33.267634,0.93937903,377.75058,-0.12697937
28.949652,26.390202,46.796082,24.145093,0.51596398,459.08046,-0.15892569
29.601516,26.78719,40.323448,28.834542,0.71508127,499.99346,-0.1207895
28.806351,26.667694,44.175303,25.175935,0.56990972,375.32415,-0.18430142
29.548517,26.959035,49.395661,23.930823,0.48447217,454.38341,-0.078236656
29.293876,27.522167,35.505587,31.909245,0.89871052,297.98912,-0.16226405
31.189954,27.412042,36.570145,35.10356,0.95989665,669.91074,0.0083842459
31.143972,28.377565,37.147358,34.46309,0.92774,461.60592,0.020508456
28.322642,26.011376,34.384272,30.802245,0.89582369,418.30909,-0.2482214
30.78872,27.875838,39.311064,31.888178,0.81117565,497.10593,-0.03704678
28.755551,26.175999,36.307581,30.103666,0.82912892,466.95901,-0.23351841
29.478865,26.49671,35.710389,32.127838,0.89967764,538.26095,-0.13442949
30.043244,27.090682,37.451508,31.842511,0.85023308,520.0199,-0.091573471
29.91816,26.910344,43.766869,27.286,0.62343961,534.27655,-0.073766701
31.560513,28.45401,36.486611,36.022193,0.98727155,520.98236,0.020084085
30.238429,27.923437,36.539095,33.036427,0.90413917,388.71873,-0.067734298
29.813043,26.794736,37.177593,31.587786,0.84964581,538.76104,-0.10663172
31.032513,27.97329,40.526514,31.455534,0.77617172,521.93372,-0.004511371
29.298447,26.608656,44.558263,25.797614,0.57896364,479.80879,-0.14693722
30.789951,28.390416,40.55548,30.957043,0.76332579,396.72337,0.00059065438
30.878539,28.081237,36.942168,34.067914,0.92219585,472.35695,-0.026970097
30.60693,27.959968,36.069935,34.273844,0.95020531,447.42716,-0.039482348
31.28884,28.4043,41.430887,31.301697,0.75551597,482.16943,0.022868917
29.229498,26.227379,34.160608,33.003115,0.96611615,548.11481,-0.22038267
30.119578,26.977121,35.832176,33.415077,0.9325439,558.52656,-0.095863672
31.35572,29.474583,36.228828,35.809167,0.98841636,295.32169,0.0092470284
29.234907,27.086574,37.680129,30.007264,0.79636841,370.9673,-0.1227369
31.263897,28.097043,37.558475,34.352872,0.91465034,539.09877,-0.017232198
28.676761,26.558134,44.303959,24.896868,0.56195582,373.23444,-0.13159439
30.150278,27.661105,39.901967,30.177899,0.75630103,423.96368,-0.058953594
30.027351,27.283213,38.43002,31.02896,0.80741462,477.23968,-0.097487114
31.777035,29.040445,37.565533,35.474836,0.94434533,445.23662,0.043765024
29.776176,27.957428,39.869416,29.476978,0.73933809,301.2817,-0.11203999
30.674358,28.258908,37.741644,32.926558,0.8724198,401.47435,-0.039220647
31.372822,28.870851,36.911402,35.189104,0.95333967,407.36845,0.044437117
31.936477,28.503352,38.580496,34.900874,0.90462482,579.00114,0.037906807
30.013141,28.194014,34.949361,34.010402,0.97313374,298.70441,-0.10501577
30.732632,28.672002,36.005202,34.616237,0.96142322,334.42673,-0.049141654
29.934854,27.96523,38.046207,31.140431,0.81848977,327.40897,-0.12534897
30.867386,28.41034,36.134002,34.795779,0.96296498,406.48969,-0.0035712939
29.112155,26.981797,43.142813,26.240157,0.60821618,369.20121,-0.15902308
31.615283,27.826515,39.979777,33.048502,0.82663046,661.13384,0.097498868
29.669484,27.408472,34.59749,33.574301,0.97042591,386.67943,-0.097942384
30.993956,28.185922,41.147227,30.9306,0.75170559,472.41131,-0.0072542476
30.10168,26.947351,44.959674,26.940433,0.59921326,561.46369,-0.034166224
28.922551,26.553271,39.222471,28.291596,0.72131091,420.16327,-0.14244728
30.607903,27.363964,38.028837,32.54558,0.85581317,569.17438,-0.091499145
29.545281,26.770089,34.688508,33.208092,0.95732259,492.9007,-0.16692974
31.203119,28.120576,40.104162,32.113563,0.80075388,523.24586,-0.011429324
29.419701,26.527118,39.914954,28.765545,0.72067088,520.29801,-0.14009476
30.027964,27.655499,34.685763,34.301666,0.98892638,403.01864,-0.10186309
29.743918,27.515988,38.688762,30.264246,0.78224902,379.13755,-0.10755483
31.139906,28.44971,37.446378,34.183551,0.91286668,446.87431,-0.014608926
31.998879,28.301478,48.008317,28.522449,0.59411474,632.14515,0.083712157
31.502355,27.873112,39.811818,32.950487,0.82765592,629.85249,0.045505694
30.503674,28.071594,38.000849,32.350803,0.8513179,407.25733,-0.019115409
30.072907,27.787225,42.791633,28.131743,0.65741223,385.50793,-0.076335425
29.059089,26.076604,33.676083,33.087288,0.98251591,547.64585,-0.21126791
29.315442,26.242493,43.289261,26.509147,0.61237236,561.68555,-0.16296587
30.268692,27.563549,34.913103,34.626798,0.99179949,464.91741,-0.083434442
29.716657,27.267507,34.283078,33.988634,0.99141138,423.11995,-0.14549395
30.28824,26.774369,45.734763,26.84162,0.58689754,635.27402,-0.010451694
31.828549,28.515137,38.871926,34.413723,0.88531045,557.04311,0.061262849
30.129538,27.805473,39.376544,30.518676,0.77504708,392.07921,-0.088954811
30.623634,28.317727,38.060715,32.552078,0.85526712,381.41764,-0.089210827
30.732085,28.505832,39.828889,31.378333,0.78782847,364.97779,-0.051302521
31.55816,29.652844,37.66848,34.896677,0.92641585,297.40947,0.024497846
28.392165,25.481383,44.171771,24.496545,0.55457467,546.91399,-0.17436841
31.135186,28.18567,40.920175,31.369454,0.76660118,497.87446,0.019611098
28.591986,26.000779,44.411135,24.704373,0.5562653,472.58027,-0.18538361
30.864867,28.404142,40.577921,31.087638,0.76612201,407.22814,-0.058986389
31.343699,29.24636,36.766299,35.261477,0.95907061,333.6636,0.015963257
30.824415,27.574045,38.090074,32.94928,0.86503587,565.7117,-0.010422607
31.518441,28.459521,36.563461,35.851107,0.98051732,512.33194,0.0097764407
30.41436,27.270517,44.38382,27.800609,0.62636811,552.32871,-0.018980296
33.096966,29.216926,41.920854,34.543829,0.82402493,643.469,0.015666585
30.057842,27.495904,38.384759,31.125849,0.81089083,439.92263,-0.083300154
29.422168,26.626102,37.161681,30.791628,0.82858543,499.73815,-0.15668612
30.260024,27.722553,38.719331,31.275952,0.80776065,431.68092,-0.06452362
29.532299,27.152426,40.718557,28.444207,0.69855637,412.28818,-0.12851785
31.245213,27.42224,36.881837,34.932562,0.9471481,678.32946,0.013409558
30.632577,27.699757,35.261708,35.11366,0.99580147,504.151,-0.058978581
29.477662,27.171856,43.03415,26.934553,0.62588787,398.41604,-0.15845372
31.030936,28.328105,40.278955,31.636406,0.78543264,451.15829,-0.014502519
28.72548,25.617219,43.611697,25.332303,0.5808603,583.60717,-0.20530029
30.936231,28.189849,42.191808,30.101132,0.71343546,461.29704,-0.0030389656
30.126592,27.559997,40.528665,29.692258,0.73262365,439.68328,-0.096868795
30.272808,28.046317,35.548383,34.020406,0.95701697,371.32558,-0.044618743
30.699077,29.37552,39.429893,31.615089,0.80180511,205.72473,-0.0011526441
27.544807,24.642932,40.630737,24.932445,0.61363507,565.08673,-0.27903601
31.142306,28.113101,45.201876,28.606398,0.63285864,513.6972,-0.0028201703
29.306352,26.75673,39.036168,29.154903,0.74686897,450.54132,-0.12583878
31.416126,28.101319,37.029931,35.174,0.94988025,566.13133,-0.012896539
30.496297,28.239242,36.694281,33.457458,0.91178943,373.98963,-0.063294934
29.624548,28.108463,35.511009,32.621864,0.91864086,247.84318,-0.11533332
29.531014,27.470786,39.199223,29.474782,0.75192261,349.73795,-0.12723593
31.622491,29.896022,39.420383,33.51617,0.85022437,266.07882,0.050402742
30.597192,27.214849,36.615345,33.748641,0.92170759,598.9245,-0.015485233
30.423298,28.307139,36.691633,33.301329,0.90760006,348.56107,-0.067680096
28.145289,25.54715,41.581153,25.43999,0.61181542,482.91347,-0.24840861
30.73315,27.570283,36.550031,34.106905,0.93315666,549.42751,-0.030116292
30.33263,27.360165,35.001959,34.684991,0.99094426,518.25108,-0.07379588
29.671791,27.19897,44.127713,26.659111,0.60413536,428.60292,-0.10266231
29.028284,26.321305,37.401193,29.804796,0.79689426,488.71607,-0.23934914
29.896066,27.052513,41.917955,28.349197,0.67630201,500.24765,-0.068885995
30.553648,27.300655,47.066443,26.595498,0.56506285,572.31149,-0.0217749
29.843947,27.968002,36.917798,31.86824,0.86322158,311.07817,-0.067697284
31.552304,28.788639,38.774121,33.909558,0.87454097,454.11135,0.026434127
30.544433,28.462869,38.474288,32.050092,0.83302626,340.60433,-0.0064389748
30.538939,28.094697,39.598544,31.16613,0.78705243,409.05774,-0.058763904
27.680286,25.144746,39.108361,26.063638,0.66644669,478.54627,-0.36579671
31.757995,28.840494,36.978482,35.990262,0.97327583,480.17778,0.043387818
32.231298,29.400066,40.904049,33.57731,0.82087986,455.63094,0.072204483
31.433357,27.906362,41.501215,31.533054,0.75981039,609.88643,-0.0064160029
30.618857,28.695032,39.964743,31.052162,0.77698891,310.92833,-0.029073228
30.373413,27.180242,41.942132,29.212851,0.69650371,563.66338,-0.058718914
30.460854,27.849705,44.203404,27.985857,0.63311542,442.85023,0.028858943
31.858962,30.049126,40.748388,32.941637,0.80841569,277.99244,0.082424526
28.590292,26.386601,39.358657,27.576721,0.70065198,391.74447,-0.20647668
30.573719,29.00829,35.286011,34.954887,0.99061599,247.97635,-0.020031897
29.333709,26.655285,38.153483,29.848134,0.78231741,476.75396,-0.14582973
30.634343,27.23711,36.135093,34.273676,0.94848727,601.2416,-0.053864768
29.890476,27.589738,36.083765,32.687217,0.90587046,391.12764,-0.086945047
30.110539,28.833936,34.614399,34.561478,0.99847111,202.03948,-0.093048927
31.522004,29.182947,38.075539,34.451704,0.90482513,375.10185,0.019146824
28.629734,26.610413,37.654725,28.825242,0.7655146,354.09353,-0.2299597
29.493597,26.942787,41.116861,28.116761,0.68382558,447.45409,-0.14194451
31.032852,28.790582,36.619703,34.705885,0.94773802,363.91403,-0.00024237155
31.283352,28.975091,38.471273,33.596981,0.87330047,372.69405,-0.0089154589
30.450793,28.222444,38.462703,31.866678,0.82850855,369.20724,-0.010671215
31.833018,28.888513,38.071145,35.132717,0.92281745,484.06302,0.020882034
31.472026,28.744171,38.833299,33.689547,0.86754273,448.59086,-0.030807004
31.377584,28.243542,36.83287,35.274107,0.9576801,530.13938,0.018299302
31.298044,28.726725,38.213555,33.849179,0.88578985,421.57273,-0.029665172
30.000643,27.389647,44.861412,26.821511,0.59787488,450.73661,-0.071279024
30.065075,28.078042,38.777838,30.838281,0.7952553,329.05286,-0.070508499
30.322138,27.939183,35.118913,34.545895,0.98368347,400.55542,-0.047835219
30.042999,27.34866,38.515074,30.994918,0.80474774,466.81625,-0.078031135
32.619067,28.678097,40.357119,34.826213,0.86295093,667.80549,0.14405167
28.931739,26.80792,41.973098,26.587539,0.63344239,370.52342,-0.15439175
29.620512,26.523139,39.079758,29.7346,0.76086961,560.04344,-0.10678688
33.527044,29.868117,42.646633,34.849892,0.81717803,589.66896,0.14541652
30.085134,27.756687,37.226843,32.116829,0.86273308,393.59038,-0.082363747
29.621093,27.170828,37.875191,30.636172,0.80887175,424.92213,-0.12608159
30.238149,27.078128,40.106023,30.203218,0.75308434,559.63124,-0.10451649
29.505269,26.897653,40.362785,28.627302,0.70924992,458.88389,-0.10261336
30.549046,28.706628,37.299733,33.038548,0.88575829,297.05552,-0.046369019
28.640433,26.829383,32.922237,32.87622,0.99860226,313.15571,-0.19721525
29.087624,26.507592,37.759958,29.652578,0.78529162,460.82958,-0.13821245
30.205541,27.95249,38.641009,31.226304,0.80811307,377.33076,-0.075806686
30.369055,28.187483,37.431391,32.543439,0.86941571,361.51731,-0.057685888
29.107921,26.891867,45.899039,24.815171,0.54064686,386.24814,-0.1514132
31.478212,28.120542,40.265297,32.544927,0.80826244,573.59669,-0.022746433
31.04862,28.101596,39.785601,32.046803,0.80548747,499.01608,-0.010794946
30.55003,28.14905,37.468402,32.895594,0.87795563,400.57759,-0.076498885
30.668891,28.313554,37.395621,33.211836,0.88812099,390.11907,-0.07560522
30.921402,27.90226,48.749166,26.365752,0.54084519,516.01368,0.051808661
29.85511,27.201715,38.376713,30.722321,0.80054592,461.90558,-0.086351635
29.655849,27.301067,41.845456,27.957145,0.66810468,405.33605,-0.10600971
31.620102,28.569188,37.170052,35.496982,0.95498879,508.79711,0.01227966
29.544645,26.703064,42.67422,27.260222,0.63879836,506.87819,-0.12980812
30.332109,28.139126,36.933719,32.891656,0.89055901,364.1676,-0.048043558
29.584956,27.456983,37.6487,30.739374,0.81647904,362.04379,-0.10420938
27.577171,25.539185,44.734201,22.92953,0.5125727,373.35906,-0.29927732
31.870885,29.086021,41.921816,32.085459,0.76536423,452.83961,0.070687696
32.190949,28.815754,42.964526,31.964076,0.74396434,561.85052,0.068684902
29.814036,26.693875,39.366557,29.906209,0.75968566,560.59416,-0.12292464
30.135445,27.268007,44.264433,27.38254,0.6186127,500.47813,-0.035697822
29.847286,27.629933,35.779062,32.866185,0.9185871,375.59716,-0.08772188
32.243116,29.348842,37.08009,36.995197,0.99771056,467.31179,0.069504282
30.974159,28.542431,36.320093,34.857862,0.95974044,400.08916,-0.075776204
29.006142,26.485558,33.582191,33.05889,0.9844173,449.934,-0.18063644
31.157734,28.249229,35.913392,35.668785,0.99318896,489.30025,-0.055551277
30.303489,27.950997,36.581856,33.139316,0.90589488,394.96492,-0.042004651
30.966542,27.93323,39.550809,32.062473,0.81066541,517.99274,-0.0028465894
29.715628,27.299182,34.16196,34.106652,0.99838099,416.61841,-0.12616007
31.034698,28.728934,41.995232,30.419727,0.72436146,375.63391,-0.038972171
30.468354,28.192065,39.825394,30.857413,0.77481753,378.01909,-0.041344481
29.711641,27.055098,40.884305,28.670109,0.70124975,465.15997,-0.094590818
28.760039,26.381663,33.497895,32.582926,0.97268579,424.7853,-0.26751422
31.202667,28.554036,42.265839,30.55497,0.72292353,437.83236,-0.0075504189
30.897401,27.573728,36.604429,34.419495,0.94030956,579.4741,-0.021584985
30.850352,27.911129,36.172868,34.720485,0.95984882,501.23616,-0.034733309
30.4276,27.092051,42.235833,29.123898,0.68955425,592.87134,0.027639213
30.118953,27.238264,37.858861,31.667641,0.83646577,503.54004,-0.11561516
30.393941,27.624981,38.281764,31.894561,0.83315285,475.4896,-0.05375168
29.931634,27.324915,39.292477,30.190266,0.76834724,451.0853,-0.12810037
31.179116,28.889317,40.279517,31.931837,0.79275621,370.70857,-0.017234873
30.363149,27.524829,35.782729,34.000774,0.95020069,490.11167,-0.044166755
30.648145,27.821517,43.854567,28.522871,0.65039681,482.40099,0.013282005
31.58598,28.95504,36.969827,35.610965,0.96324402,428.33767,0.050269487
31.002081,28.524384,35.738271,35.486342,0.99295072,408.37209,0.0031931203
28.711184,26.976852,37.722414,28.93591,0.76707472,297.58146,-0.18573783
30.068428,27.377693,34.99274,34.093394,0.97429907,465.62403,-0.074478288
31.110552,27.986494,37.455249,34.111791,0.91073461,533.53572,-0.0020599498
30.606474,27.942367,42.522574,29.2705,0.68835202,450.81263,-0.011379607
28.939001,26.748301,33.511586,32.975373,0.98399919,383.74578,-0.21100285
30.638498,27.42907,38.649932,32.102963,0.83060852,561.22108,-0.059684391
30.99521,28.090612,45.061868,28.428849,0.63088484,491.54635,0.034353544
30.373652,27.521628,36.153188,33.679719,0.93158366,492.70153,-0.039469267
31.013611,27.688408,37.69002,33.694793,0.89399774,577.17385,-0.01608537
30.061661,27.553429,35.039698,34.032673,0.97126045,429.18129,-0.092045318
30.608787,27.42025,35.378414,34.943724,0.98771314,557.48475,-0.03817432
30.016471,27.899804,34.891921,34.073646,0.97654831,354.00585,-0.093382702
29.278087,26.862021,36.108134,31.356266,0.86839895,423.74058,-0.17681965
28.093238,26.046962,47.956749,22.34279,0.46589459,367.25758,-0.22991868
30.81037,28.412132,41.339842,30.44127,0.73636639,396.17631,-0.00034830027
31.590161,28.297415,37.610532,35.020051,0.93112353,557.88738,0.018588505
30.618723,27.330285,43.374621,28.760137,0.66306371,578.35727,-0.010133594
30.622,27.114323,42.968232,29.017289,0.67531958,625.45535,-0.030505909
29.183516,26.389252,36.629083,30.727731,0.83888889,504.1896,-0.18545917
31.497436,28.01974,39.219439,33.420757,0.85214778,598.05499,0.034820942
29.435963,26.96425,35.276463,32.421869,0.91907938,432.35882,-0.16485187
30.771239,28.169027,43.854531,28.743179,0.65542097,435.92685,-0.010316113
29.849697,26.753541,40.290553,29.327152,0.72789153,554.62275,-0.1182416
29.071011,25.995396,37.800146,29.589515,0.78278838,567.96457,-0.1878398
31.703961,28.276457,43.559291,30.636146,0.70332058,582.98059,0.024279465
29.163559,26.370073,36.77755,30.566951,0.8311307,504.43162,-0.1453145
29.17321,26.339378,37.754978,29.827016,0.79001547,512.87289,-0.14887351
31.266532,28.410934,39.64837,32.596989,0.82215207,476.88938,-0.040300363
28.293646,25.556851,39.034704,27.235601,0.69772786,510.30791,-0.27314655
30.119386,27.598053,41.293789,29.163068,0.70623375,430.8205,-0.051133959
30.630545,27.565997,36.263204,34.145531,0.94160272,531.19741,-0.063131685
29.752806,27.359981,35.704004,32.727694,0.9166393,411.33377,-0.090393361
30.910962,27.790228,41.520542,30.509008,0.73479311,536.96713,0.0015032767
30.071898,27.546859,38.665347,30.937773,0.80014213,432.34435,-0.097788763
29.925264,26.869876,37.948844,31.197617,0.82209663,544.23353,-0.090122736
30.100406,27.21005,39.161063,30.62056,0.78191341,505.90868,-0.084680315
31.708534,29.015796,38.246917,34.703483,0.90735373,438.05264,0.032655525
28.814483,27.033631,34.792746,31.503517,0.90546223,305.26048,-0.19282569
29.731947,27.454649,34.248929,34.05747,0.99440978,388.92997,-0.12203583
31.425346,28.892651,38.533391,33.845432,0.87834035,412.33873,0.015207049
30.53282,28.600404,38.399444,32.086362,0.83559445,313.46431,-0.061372876
30.73431,28.217374,40.288314,31.042142,0.77049991,420.01687,-0.042882151
30.297764,27.391021,38.597649,31.447217,0.81474437,505.38106,-0.075940127
31.009562,28.348413,37.06843,34.240162,0.92370142,443.42432,-0.02686917
30.307682,27.849198,37.035588,32.751123,0.8843149,415.42784,-0.050357937
30.51667,27.771198,39.516496,31.183367,0.78912277,468.54494,-0.040399803
29.391594,27.552034,41.007819,27.998506,0.68276018,309.58346,-0.1637828
30.53522,28.441928,35.384375,34.770364,0.98264741,342.88618,-0.069964663
32.196738,28.88476,39.399348,34.744791,0.88186209,549.12704,0.038178158
28.286155,26.21901,36.159983,29.261911,0.80923464,368.63967,-0.29040313
31.495076,29.363129,39.530746,33.161315,0.83887399,338.02973,0.055189215
29.231032,26.279945,38.00841,29.752244,0.78278055,536.95755,-0.21028812
31.15046,27.909914,39.180905,32.731649,0.835398,556.57384,-0.029393501
30.688197,27.446353,35.489942,35.01494,0.98661587,566.94019,-0.036694584
30.063683,26.854618,35.783447,33.336737,0.93162451,574.08794,-0.10543236
31.309853,27.595653,38.527776,33.605131,0.87223127,652.89725,-0.0036983617
30.071717,27.438362,37.336787,31.996926,0.85698124,453.98571,-0.090639357
30.265563,27.240303,41.38856,29.374447,0.70972382,530.61777,-0.056343696
31.819532,28.338513,38.511365,34.709247,0.90127281,591.40542,0.054498345
30.030831,26.900889,41.610938,28.791732,0.69192701,557.8296,-0.064906337
29.469593,26.995093,35.248919,32.520363,0.92259179,432.35122,-0.13381964
29.811317,26.921646,40.459427,29.139575,0.72021719,511.5823,-0.083243305
31.69372,28.124143,36.490827,36.322454,0.99538587,612.67997,0.012618686
31.66445,29.598826,39.294341,33.708231,0.85783931,324.27113,0.035809433
31.197527,28.32621,36.310701,35.369804,0.97408761,481.22235,-0.016554163
29.45312,26.732306,34.629556,33.057844,0.95461357,483.32024,-0.15475661
30.152943,27.199979,36.971404,32.476566,0.87842393,517.8569,-0.13354974
32.580521,29.400118,40.033455,35.018192,0.87472319,515.87221,0.064921912
29.927517,27.831447,40.426318,29.382629,0.72681932,351.28789,-0.089296668
30.727271,28.170365,35.387419,35.205594,0.99486186,427.85175,-0.028065984
31.977099,29.397532,38.827508,34.770817,0.89552017,412.78201,0.071874252
28.541749,26.148999,35.001499,30.736394,0.87814509,431.54833,-0.21101398
30.440174,27.617118,39.079956,31.36182,0.80250398,485.55782,-0.041811577
31.922943,28.662487,38.027576,35.369845,0.93011042,544.4539,0.057798946
31.147301,27.802008,38.973535,32.893266,0.8439898,578.37522,-0.056422419
28.049848,26.205866,37.885338,27.542293,0.72699083,327.0876,-0.25094902
29.241637,26.249318,44.919215,25.517425,0.56807372,545.70177,-0.131353
30.935465,27.462623,35.637904,35.433485,0.99426399,610.25302,-0.051203038
30.6224,28.015472,35.317639,35.034843,0.99199279,439.30993,-0.065780639
32.758179,29.441856,38.707223,36.587132,0.94522751,538.73125,0.11069806
30.422025,28.06548,42.382445,29.020089,0.68471955,393.9782,-0.05710588
31.253201,28.932569,36.447938,35.3629,0.97023049,375.3821,0.018473849
32.261601,29.801163,39.11342,35.132425,0.8982192,387.01912,0.062018285
29.664608,27.170114,35.445476,32.768929,0.92448832,433.07961,-0.19053159
28.721837,26.480791,35.30654,30.858492,0.87401629,397.26918,-0.20163481
30.580505,28.089486,36.619563,33.708321,0.92050037,417.43867,-0.030721664
29.190941,26.756661,37.65936,29.934847,0.79488464,428.91552,-0.18727498
29.531355,27.070485,37.407692,30.819914,0.82389244,428.55315,-0.090906696
31.447606,28.559178,39.647915,32.96892,0.83154235,480.06846,0.021923514
31.49618,29.107021,36.392519,35.968194,0.98834031,384.64319,0.014315453
30.066577,27.77402,36.47607,32.721113,0.89705697,386.92699,-0.063428024
31.256904,28.980395,37.380586,34.498291,0.92289325,367.22017,0.027921933
30.194188,28.92458,35.511099,33.879937,0.95406611,200.24769,-0.044443452
29.603721,27.476907,41.303507,28.200753,0.68276896,361.55979,-0.10984859
29.494167,27.465799,36.570589,31.42328,0.85925004,344.11944,-0.17474251
29.737442,27.255823,35.102578,33.246374,0.94712059,429.26911,-0.12167903
29.608172,27.203034,40.51756,28.717865,0.70877578,416.10558,-0.12573645
30.338099,27.344361,35.1882,34.514358,0.98085036,522.55027,-0.093659612
31.687657,29.303219,37.124712,35.691337,0.96139027,381.12771,0.014845537
29.876508,26.930667,43.377235,27.436377,0.63250637,522.05534,-0.10576768
28.179401,26.115574,40.994079,25.831254,0.63012159,369.55251,-0.23285571
30.592204,27.97133,36.121865,34.192338,0.94658286,442.54902,-0.081426625
30.170512,27.511025,35.013237,34.304744,0.979765,457.49314,-0.079001372
31.66238,29.53942,36.375713,36.365336,0.99971475,334.42506,0.033171787
29.343995,27.168316,36.492961,31.173094,0.85422211,374.75603,-0.20356084
30.945048,27.894857,37.260648,33.92616,0.91050911,521.85026,-0.04662196
31.80161,28.579132,36.9486,36.11798,0.97751957,539.33014,0.030802344
28.460312,25.858461,33.487096,31.92006,0.95320479,477.43834,-0.29166935
30.558838,27.335068,40.287217,30.698553,0.76199239,566.00858,-0.047632335
29.720659,26.954713,43.785807,26.932357,0.61509331,487.55323,-0.092373256
31.163664,27.930138,39.10303,32.821889,0.83936946,554.84484,0.025151754
29.519758,27.007511,37.247482,30.92369,0.83022229,439.14521,-0.11175292
29.13575,27.076638,36.066251,31.091476,0.86206565,354.89383,-0.16132711
31.029208,27.855922,38.434167,33.091908,0.86100235,545.2993,0.011724705
30.74252,28.742778,38.014116,32.840545,0.86390394,323.2303,-0.10362609
31.522333,29.183116,38.947194,33.699767,0.86526817,375.1266,0.039157422
32.640861,30.123729,38.940902,36.112096,0.92735643,391.96406,0.080987075
29.988801,27.272957,39.819976,29.9224,0.75144194,472.18232,-0.12368724
31.640509,28.724912,38.788226,34.084866,0.87874258,481.90437,0.021478522
29.783367,27.361729,35.351961,33.116067,0.93675333,416.55572,-0.11638365
30.299396,28.029986,35.704383,33.932407,0.95037091,379.11325,-0.079951627
29.175123,27.533301,33.930533,33.102437,0.97559438,275.11213,-0.15682111
30.193963,27.693082,35.05502,34.317199,0.9789525,425.55748,-0.066052873
29.73895,27.459874,35.827119,32.587152,0.90956662,389.17267,-0.1937674
31.103357,28.612542,38.295561,33.364933,0.87124806,409.3222,-0.034263124
29.892353,27.961751,36.428542,32.38846,0.8890957,320.65305,-0.082908672
29.911519,27.181455,36.121502,32.699279,0.90525799,476.52462,-0.087625186
30.160527,27.000336,36.195881,33.173836,0.91650859,561.39853,-0.082134739
28.34158,26.333389,32.614223,32.497755,0.99642893,355.93853,-0.21814117
30.429206,27.713153,36.121488,33.83146,0.93660205,464.23031,-0.019110405
30.006659,27.196542,44.432808,27.066083,0.60914635,491.16644,-0.040086111
28.798824,26.300951,42.73241,25.928022,0.60675309,448.95064,-0.16366782
29.711234,26.965171,37.547489,31.077635,0.82768877,483.61121,-0.11095521
30.866631,28.00529,36.946054,34.038333,0.92129821,485.30538,-0.041082302
30.221916,27.181604,44.776995,27.246193,0.6084864,534.68731,-0.02873695
30.767947,28.080489,36.12989,34.576763,0.95701268,452.63703,-0.049976981
29.474448,26.79016,38.135562,30.141994,0.79039072,475.30172,-0.18005303
30.873156,27.48571,38.857196,32.420068,0.83433885,593.51994,0.0120975
30.034205,27.728044,45.260393,26.664609,0.58913781,390.0355,-0.046019713
28.186249,26.242739,46.429728,23.122594,0.49801269,345.13967,-0.16465571
30.435559,27.733199,35.045833,34.876964,0.99518146,461.38202,-0.057385302
31.407523,28.508202,40.113663,32.519349,0.81068011,482.92125,0.002936762
30.564646,27.469983,36.918654,33.4058,0.90484881,538.81568,-0.051550239
31.919079,29.495748,38.534097,34.904381,0.90580509,385.02326,0.075964725
30.68439,28.381316,35.822021,34.683232,0.9682098,380.02209,-0.010694021
29.661783,27.05354,36.810437,31.575197,0.85777837,456.18597,-0.11777464
29.208149,26.77503,38.370888,29.440016,0.76724876,428.38625,-0.19116081
30.972263,28.957551,37.924492,33.40318,0.8807812,323.235,0.022300399
29.887004,27.502041,43.923732,27.143168,0.61796133,407.66058,-0.085621049
29.774281,26.816735,44.076864,26.863028,0.60945868,526.66824,-0.025827113
30.507154,27.74854,40.270001,30.609926,0.76011733,471.3463,-0.012275303
29.396845,27.810292,36.78346,31.044518,0.84398036,262.72357,-0.11844114
31.156496,28.152631,41.915384,30.706479,0.73258254,508.3323,0.020349055
28.671005,26.418605,36.251039,29.975121,0.82687618,400.39323,-0.23685537
29.354906,26.881467,34.176989,33.27019,0.97346756,434.09439,-0.18453529
30.331775,27.970067,36.20205,33.542919,0.9265475,396.31553,-0.062803013
29.212402,27.110717,34.500433,32.642883,0.94615864,362.14337,-0.15347258
31.581338,28.964819,40.005081,32.958827,0.82386602,425.6939,0.048478834
30.219723,27.089269,40.286476,30.039828,0.7456554,553.75618,-0.062749109
30.409621,27.024426,35.321814,34.546315,0.97804474,604.03437,-0.057273314
30.759591,27.448579,38.015887,32.875017,0.86477049,579.9319,-0.04204761
30.279872,28.361637,36.722906,32.963716,0.89763362,313.79872,-0.07706842
30.358693,28.078612,40.132037,30.419281,0.75798,380.29864,-0.026285402
32.136331,30.088958,38.252274,35.633339,0.93153517,315.78695,0.10117705
31.228169,28.74092,37.218274,34.583254,0.92920092,406.76892,-0.019180761
31.48761,29.108075,36.621941,35.724273,0.97548823,382.99262,-0.00031126562
30.437803,27.599896,44.315758,27.880623,0.62913566,488.61181,-0.0086484313
28.472231,25.795285,37.475694,28.646268,0.76439593,493.45409,-0.2093936
29.592568,27.205979,40.876861,28.453424,0.69607653,412.65837,-0.088343805
32.499316,28.994437,37.706334,36.961941,0.98025813,581.25409,0.088060854
29.06937,26.330705,41.346876,27.20315,0.65792515,494.64219,-0.14296292
30.214315,27.343922,35.529981,33.907047,0.95432212,499.54211,-0.0818194
30.782909,28.642334,35.602013,35.120508,0.98647534,348.45122,-0.034063639
30.473995,28.398089,38.093622,32.212791,0.84562163,340.4456,-0.081715527
30.317974,27.673607,35.13033,34.525238,0.98277579,451.88247,-0.09360448
29.592663,26.792424,35.42382,32.631055,0.92116138,497.21406,-0.1209249
29.229176,26.458943,36.378794,31.027445,0.85289922,498.14601,-0.18000846
31.170849,28.514807,35.981532,35.631301,0.99026637,439.77607,0.027695108
30.358748,28.38812,35.007859,34.738852,0.99231581,322.4688,-0.059661876
30.369371,27.615074,36.520638,33.336948,0.9128249,472.98539,-0.072814157
32.086019,29.146509,39.316697,34.579943,0.8795231,478.62289,0.026664161
30.3576,27.962691,40.827759,29.927981,0.73303021,402.32373,-0.019540632
29.649237,26.573722,38.391306,30.298441,0.78920058,554.65554,-0.12855444
28.874579,26.920275,34.499881,31.897689,0.92457389,337.97944,-0.23134997
31.804081,29.296819,36.814945,36.254228,0.98476931,401.99966,0.057197148
31.291208,28.136465,38.239148,33.812473,0.88423708,536.0785,0.028483131
29.64911,26.428791,40.600535,28.739743,0.70786612,586.27424,-0.12706735
29.366934,27.054099,36.439358,31.265629,0.8580181,401.54175,-0.20053307
30.006512,27.148943,35.399468,33.566623,0.94822395,500.97517,-0.10399728
30.7044,27.88017,36.687304,33.918072,0.92451797,480.88188,-0.0080823374
30.635572,28.682844,40.345141,30.806889,0.76358361,315.962,-0.0093892066
28.672923,26.565155,34.641146,31.331598,0.90446193,371.1139,-0.19893472
29.969346,27.145369,38.912668,30.54536,0.78497215,494.75062,-0.10080349
29.615079,26.969706,39.476486,29.441547,0.7457996,464.63862,-0.089124567
29.961977,27.414293,43.086593,27.757217,0.64421936,438.70568,-0.063757165
31.157516,27.894576,42.866344,30.070228,0.70148805,561.0443,0.019652842
31.349623,28.105272,40.428719,32.160367,0.79548321,553.11215,0.050927282
30.26935,27.472637,37.732078,32.083222,0.85029036,483.42137,-0.077358909
28.84852,26.930323,41.743565,26.57425,0.63660711,331.29716,-0.16907997
29.578587,27.033767,43.62778,26.77498,0.613714,444.73989,-0.091264873
32.825518,29.65434,39.491154,36.017976,0.91205174,509.55033,0.084955184
27.905206,25.717925,40.258743,25.775352,0.64024234,399.35381,-0.28180073
29.853409,27.066833,35.455339,33.175246,0.93569111,489.26455,-0.12663138
31.452312,27.82805,37.992069,34.374903,0.90479157,630.01926,0.034916018
30.498168,27.4507,42.868147,28.853995,0.67308706,530.40133,-0.053363863
29.168777,27.112876,33.63656,33.376299,0.99226257,353.813,-0.16287192
29.166946,26.389804,40.745915,27.751927,0.68109715,500.87423,-0.19355461
31.127291,27.90942,36.368552,35.155529,0.96664639,552.39769,-0.0071867325
29.270483,26.98469,38.791369,29.258899,0.75426313,397.65587,-0.15944779
29.873737,27.56712,38.810136,30.43176,0.78411888,392.52419,-0.16668824
32.110316,28.676543,42.839172,31.896459,0.74456291,575.35029,0.095682728
31.430293,29.057047,39.574508,32.992176,0.83367242,382.63221,0.021759729
30.008938,28.174392,38.317754,31.078748,0.81107958,301.57112,-0.088696948
31.373364,28.541844,38.084867,34.12272,0.89596533,470.29062,0.01172739
30.794531,28.086132,42.415033,29.688509,0.69995251,456.29433,0.030858344
32.487739,28.637568,45.816585,30.642115,0.66879964,652.11343,0.12288261
30.581761,27.111686,36.741538,33.601057,0.91452503,618.26713,-0.070196194
32.174995,28.756278,38.33745,35.640296,0.92964701,570.92263,0.071508026
29.793277,26.845176,39.923887,29.471942,0.73820323,524.26857,-0.079633062
30.934784,27.882029,38.861633,32.543764,0.83742657,522.57825,0.036907023
28.920924,26.304318,40.134874,27.687916,0.68987176,471.64783,-0.17986162
29.567012,27.651668,39.957623,29.016225,0.72617496,321.7361,-0.14636635
32.389255,29.981443,40.680445,34.080642,0.83776472,375.88468,0.078117693
27.809647,25.157115,37.518092,27.335698,0.72860043,501.90876,-0.31474422
30.802048,27.804132,39.160525,32.033003,0.81799217,514.0651,-0.0038449459
31.117474,28.976116,35.990968,35.500237,0.98636515,344.36495,-0.015471371
29.523582,27.427948,35.325118,32.569395,0.92198971,356.65,-0.12443989
30.840965,27.501128,41.720039,30.238697,0.72480029,584.1714,0.0023999438
30.861191,28.245846,38.060413,33.051853,0.86840502,436.99826,-0.032869122
30.658106,27.495978,36.317517,34.156098,0.9404855,550.88525,-0.053799985
29.077013,26.236689,36.117529,30.925452,0.85624494,516.28686,-0.15504023
30.459517,28.287522,37.583439,32.60614,0.86756669,358.50642,-0.047021647
29.075994,26.934893,41.272683,27.260118,0.66048815,371.84588,-0.12078344
31.678222,28.549378,39.251656,33.772712,0.86041495,523.11967,0.023621244
31.634706,29.396276,38.46624,34.350871,0.89301347,355.38086,0.048542874
31.538331,28.104223,36.781603,35.684423,0.9701704,588.05464,0.036436025
30.133344,27.43792,36.486434,32.855923,0.90049697,465.39764,-0.093460908
30.364049,28.293705,36.091355,33.715441,0.93416945,340.8034,-0.074636161
29.483058,27.240597,45.694959,25.524159,0.55857713,385.82448,-0.076326656
29.96619,27.073279,37.90658,31.314946,0.82610845,509.12587,-0.1178726
30.257396,27.272908,38.584483,31.375427,0.81316178,522.28247,-0.020942808
29.385651,26.675732,39.727649,28.827941,0.72563925,482.34423,-0.13997638
29.885293,27.286366,35.581187,33.12968,0.93110104,450.32672,-0.10312764
32.086157,28.599631,37.964592,35.788568,0.94268279,586.58138,0.064384901
32.177641,29.528456,39.714049,34.43637,0.86710802,422.60518,0.10268736
30.03646,26.755958,44.938096,26.841039,0.59728919,590.21705,-0.093907373
30.925641,28.013217,41.10448,30.828416,0.75000136,494.41736,0.0074204438
30.130953,27.554491,34.81952,34.404723,0.98808722,441.57333,-0.1169541
29.931404,28.234241,34.989168,33.787735,0.96566273,277.41921,-0.10912665
29.779766,27.004369,36.782186,31.846916,0.86582446,488.37195,-0.15203511
30.093484,27.136021,36.840264,32.462464,0.88116807,520.01234,-0.1082401
31.081671,28.666234,38.930054,32.792468,0.84234324,395.44052,-0.0050613783
30.518111,27.620426,39.060208,31.534468,0.80732975,499.22265,-0.070150594
31.421803,29.145114,40.725618,32.080411,0.78772067,365.06386,0.017873441
29.799613,27.758641,44.563391,26.640385,0.59780874,342.52796,-0.080025322
31.100784,28.802654,38.518051,33.172231,0.86121261,373.31173,-0.024637349
29.718583,27.165166,35.976849,32.410197,0.90086257,444.04254,-0.12762065
30.384914,27.312189,36.722065,33.191184,0.90384854,538.03323,-0.079418068
28.661904,26.822939,38.984733,27.958665,0.71716959,318.29338,-0.22847126
32.226914,29.588416,37.551735,36.495314,0.97186759,419.89332,0.021392882
31.396939,28.977397,41.854144,31.211233,0.74571429,391.65554,0.031162642
30.889712,28.436564,37.275383,33.792973,0.90657615,405.41089,-0.027715436
31.050846,28.668588,35.873249,35.464269,0.98859931,389.66737,-0.026689956
31.03256,28.404607,37.182051,34.187467,0.91946156,436.62914,0.0034161146
29.630915,27.404323,43.00258,27.221301,0.63301554,380.52706,-0.098319265
30.613658,27.988863,39.366678,31.491493,0.79995302,442.95754,-0.034146619
29.335723,26.886411,35.449316,32.049289,0.90408765,429.51637,-0.13218272
28.578518,26.360528,41.257753,26.381085,0.63942127,394.84447,-0.31538655
29.507531,26.945424,37.176905,30.955078,0.8326427,449.51564,-0.17799366
29.326194,26.281405,45.710788,25.260043,0.55260571,555.26441,-0.035955868
29.079349,26.310146,43.792671,25.832185,0.5898746,500.96015,-0.14189762
32.64525,30.588377,41.714234,33.785548,0.80992853,311.89838,0.11733467
31.720654,29.324484,40.239148,33.058649,0.82155439,382.81472,0.010366021
30.613342,27.499001,36.029959,34.325803,0.95270169,541.88103,-0.053039981
29.861738,27.431463,35.471532,33.178686,0.93536096,417.00407,-0.1657709
30.27934,27.590804,37.526017,32.274931,0.86006814,461.39134,-0.098353347
31.073496,28.217991,39.058015,32.671818,0.83649458,480.35304,0.0011525072
30.617611,28.477051,37.965693,32.61844,0.85915567,350.57593,-0.018477374
29.189934,26.232698,41.067928,27.592269,0.67186902,539.19954,-0.16310275
30.094964,27.148478,35.713068,33.470624,0.93720943,517.68978,-0.09286404
29.304471,26.827359,39.508416,28.823089,0.72954301,435.71035,-0.14878179
28.137521,26.032263,35.148932,29.762654,0.8467584,378.65589,-0.26626716
28.78136,26.920008,34.8619,31.370774,0.89985842,321.13707,-0.19153283
30.309578,27.470602,40.256442,30.234994,0.75105976,491.26666,-0.0654476
28.868635,26.353998,40.309808,27.480324,0.68172797,451.18861,-0.18265851
30.724249,27.465472,37.766048,33.011544,0.87410641,569.70212,-0.029719879
30.924768,28.703968,44.096693,28.872513,0.65475461,361.38959,-0.033919979
30.742254,28.711852,37.52954,33.252771,0.88604258,328.80065,-0.023033516
30.0746,27.676785,39.703732,30.172525,0.75994179,407.24677,-0.059182733
30.193107,27.541704,38.565293,31.259859,0.81056971,455.47205,-0.12278422
30.727325,28.419656,37.160277,33.543635,0.90267451,380.28011,-0.041408024
30.808896,28.407039,36.025911,34.767762,0.96507655,396.88389,-0.038554208
29.381743,26.552851,39.230535,29.163875,0.74339732,507.51111,-0.11585246
30.067092,27.735413,43.098684,27.937058,0.64821141,394.48769,-0.086014657
29.985161,27.269026,37.626382,31.57898,0.83927762,472.30886,-0.070846539
30.437182,28.332509,39.540353,31.007057,0.78418765,346.2457,-0.060406237
30.724007,28.179079,41.229154,30.352346,0.73618648,425.5855,-0.032217835
31.218156,28.16636,40.044076,32.190018,0.80386468,516.75306,-0.012084089
30.56482,28.017287,35.860668,34.377637,0.95864464,428.659,-0.038094472
31.073233,28.621919,40.30268,31.702889,0.78661985,402.31412,-0.025538269
32.627244,30.5096,38.58008,36.415147,0.94388471,322.42862,0.066545568
31.300085,28.614474,37.460831,34.519996,0.92149574,443.33424,-0.04258857
28.453725,26.798217,40.991251,26.316566,0.64200446,285.44621,-0.21832053
29.285134,26.610298,45.444698,25.324678,0.55726365,476.93142,-0.12171637
30.681076,27.625725,43.150469,29.011351,0.6723299,528.25961,-0.038706088
31.417394,28.784164,40.885608,31.952028,0.78149817,431.43554,0.027035776
29.432782,26.299153,40.072059,28.684599,0.71582544,572.30554,-0.14127076
29.160669,26.174486,41.316894,27.385846,0.66282441,546.1724,-0.18365495
31.081404,28.890204,35.784019,35.622515,0.99548671,353.9028,0.016859758
31.58331,28.613,38.394578,34.303067,0.89343517,493.62308,0.044459023
31.811737,29.272126,41.800584,32.05747,0.76691439,407.8557,0.048417817
31.072559,27.711271,38.629639,33.020178,0.85478868,583.40965,-0.021085898
29.401025,26.673253,41.915324,27.455078,0.65501292,485.78583,-0.096022179
31.79911,28.373173,38.376201,34.784799,0.90641591,580.5519,0.0072425981
28.82812,26.260642,41.819131,26.494425,0.63354797,463.03517,-0.22148432
29.332984,26.470352,38.177322,29.828948,0.78132637,515.71041,-0.15050677
29.513911,26.425606,34.800723,33.03211,0.94917884,560.49681,-0.16641997
29.084303,26.505781,33.735069,33.086886,0.98078607,460.57598,-0.18365779
29.207588,27.141503,34.750613,32.400178,0.93236276,355.26289,-0.16401943
30.608425,28.227271,36.509707,33.869435,0.927683,395.91607,-0.073163423
30.790458,28.840111,43.290368,29.123448,0.67274659,313.75665,-0.0079907872
26.35084,24.765747,45.228624,20.858498,0.46117914,296.19735,-0.38360984
31.760779,29.292254,40.004525,33.327917,0.83310369,395.49806,0.00030403299
30.289681,28.265745,37.155595,32.609695,0.87765235,333.13132,-0.060399418
28.999033,26.352566,35.682383,31.126483,0.87232076,476.45855,-0.16892899
29.604159,26.963842,37.794407,30.664592,0.81135264,463.80001,-0.12482561
31.393686,28.420604,36.676263,35.459798,0.96683234,497.69217,0.0012883844
30.852003,27.25235,36.269387,34.632577,0.95487075,639.71282,-0.053221593
30.621659,28.007206,36.867598,33.574889,0.91068827,440.79582,-0.018599795
30.250433,26.930071,44.564543,27.413408,0.61513945,593.78921,-0.041298165
31.117759,28.754558,36.32753,35.173485,0.96823223,385.15493,-0.011044885
29.755875,26.544804,39.688219,29.564606,0.74492144,581.70444,-0.090372181
30.793333,27.545706,41.560895,30.256564,0.72800558,565.82369,-0.01497999
31.764783,29.169781,41.942378,31.862952,0.75968397,418.83818,0.027637874
28.395811,26.522545,39.171973,27.336337,0.69785449,328.37473,-0.24382588
29.49898,27.018089,37.263043,30.868548,0.82839578,433.1454,-0.16487878
30.800998,28.013223,40.55648,30.977958,0.76382265,471.86022,-0.013103369
31.181234,28.351594,37.846011,33.918685,0.89622879,473.32133,-0.044764103
26.840091,24.77928,39.451205,24.372948,0.61779984,390.01566,-0.42458999
29.136683,27.078494,35.391564,31.670887,0.8948711,354.70059,-0.23238131
31.034411,28.052643,41.195302,30.974974,0.7519055,506.25547,-0.012380385
30.428969,27.47503,38.341077,31.919117,0.83250443,512.48707,-0.026916484
30.598718,28.083175,35.23886,35.058812,0.99489064,421.89772,-0.08140972
30.831995,27.327194,39.773244,31.620188,0.79501155,619.63341,-0.023034349
29.980823,28.028139,34.694514,34.185586,0.98533116,323.69298,-0.085715098
30.708153,28.092876,35.673266,34.880884,0.9777878,439.51482,-0.012941103
31.56004,29.012619,36.87468,35.643789,0.96661961,413.06178,0.022072947
29.760494,27.84213,37.360203,31.329621,0.83858272,319.95745,-0.08490288
30.817185,28.266618,39.46378,31.827432,0.8064973,425.18463,0.0056974696
30.707182,27.935081,41.487569,30.142592,0.72654515,470.43104,-0.013271674
30.128002,27.444685,37.193306,32.235318,0.86669677,463.0491,-0.07797147
31.102207,28.67604,40.847434,31.357621,0.76767665,397.15474,-0.013207531
30.703446,28.909606,36.946409,33.682144,0.91164864,286.76327,-0.041036806
31.12585,27.521655,37.277226,34.305258,0.9202739,633.79712,-0.0095273962
30.261659,27.272912,34.940544,34.58359,0.98978396,523.08141,-0.067277667
30.784536,27.538895,44.105053,28.616793,0.64883253,565.60177,-0.049011503
30.11459,28.167693,38.002746,31.54304,0.83002003,321.01173,-0.072550951
29.183986,26.696495,33.546969,33.500244,0.99860717,439.92974,-0.18241766
32.575896,30.280415,38.687245,36.202007,0.93576079,353.71473,0.063068576
31.23892,28.507213,38.23991,33.700295,0.88128596,453.23878,-0.0039884564
32.048061,28.531201,43.553958,31.286261,0.71833336,593.62253,0.0060114154
31.588271,28.459264,37.767575,34.872468,0.92334412,524.92505,-0.010468189
29.531563,26.503669,42.017881,27.627434,0.65751613,546.97884,-0.12076317
31.247844,28.274016,36.903183,34.918425,0.94621718,500.58624,-0.03359144
31.011018,27.789033,38.832156,32.725585,0.84274446,555.73431,0.017132016
29.236155,26.361022,34.452661,32.740564,0.95030583,520.42647,-0.23417751
31.354286,28.561638,36.852177,35.203688,0.95526752,463.07115,0.029593026
30.722104,28.44907,37.224813,33.475419,0.89927701,373.85235,-0.053330914
30.861135,27.448587,36.377601,34.550901,0.94978504,599.1437,-0.046794839
30.110965,27.548433,35.480357,33.723247,0.95047655,439.13937,-0.098970999
31.92655,28.294014,41.980162,32.152298,0.76589267,620.32402,-0.016555116
31.494763,28.807348,40.92649,32.075287,0.78372924,440.49436,0.066131304
29.150902,26.608073,36.893167,30.448728,0.82532163,451.93509,-0.16639859
30.908209,28.164024,38.831416,32.513246,0.83729229,461.35417,-0.027761993
29.128888,26.416904,35.962312,31.16428,0.86658168,487.78863,-0.19619231
30.273907,28.280474,35.519454,34.050337,0.95863909,327.68603,-0.09834295
29.456405,26.394327,42.288792,27.330735,0.64628792,556.08595,-0.11669834
30.698221,28.612638,36.647579,33.940711,0.92613786,339.4186,-0.088360125
30.830623,27.999543,38.156487,32.906642,0.86241278,479.93349,-0.014869787
30.717852,28.125018,38.573051,32.32854,0.83811208,434.98037,-0.053175065
30.143969,28.390333,36.430702,32.928135,0.90385672,285.40747,-0.11016422
31.696301,28.941437,39.300065,33.770288,0.85929346,450.03097,0.075908178
29.885832,27.18026,40.615961,29.175082,0.71831568,471.9886,-0.088659568
31.325908,28.828614,37.736926,34.327913,0.90966372,407.19298,0.012360782
31.889594,28.517193,38.184964,35.153304,0.92060592,567.6785,0.048130786
30.408112,27.762325,37.459875,32.60192,0.87031578,450.60336,-0.07285335
30.753443,28.480236,38.208506,32.701294,0.85586425,373.45073,-0.031723521
31.145177,27.752166,42.919163,30.012763,0.69928585,588.41401,0.0026648571
30.528037,27.524371,40.198553,30.702352,0.76376761,520.73296,-0.024143915
31.278878,27.81563,36.489667,35.380594,0.96960584,600.09187,0.013787957
30.826688,28.959013,35.655765,35.167387,0.98630297,298.56885,-0.017844322
29.947367,27.890794,40.241124,29.547642,0.73426482,343.56087,-0.12366454
30.802708,27.919267,40.040583,31.360477,0.78321729,490.92063,-0.019319734
31.201429,27.881365,37.661205,34.125398,0.9061154,571.91735,-0.010969749
31.16361,27.632769,39.361717,32.61372,0.82856446,617.14617,-0.022416214
30.311523,27.769844,40.655919,29.958517,0.73687959,431.65921,-0.046928297
31.629822,28.575632,37.615132,35.103193,0.93321999,509.25904,-0.01224111
31.657399,29.023126,38.318761,34.52919,0.90110403,427.84582,0.056622521
31.678281,29.297289,37.897477,34.951599,0.92226719,380.62761,0.068491863
30.125733,28.471928,36.845096,32.527053,0.88280551,267.69209,-0.061380286
31.09435,28.919788,37.480069,34.05446,0.90860185,350.69845,-0.054212272
30.803706,27.977444,35.596665,35.173189,0.98810349,479.46571,-0.0094276406
31.295057,28.864476,37.922638,34.09655,0.89910808,395.17246,0.0067180589
28.426499,25.829064,42.58931,25.370059,0.59569077,477.1526,-0.18877798
30.466932,27.688295,37.635293,32.578113,0.86562666,476.0982,-0.057411535
29.090174,26.273487,37.527772,29.832719,0.79495043,510.91962,-0.16824236
31.104183,28.804788,39.646997,32.267022,0.81385791,373.49916,0.0055177178
32.851354,30.039034,39.695076,35.89236,0.90420182,442.16547,0.068663223
30.654445,27.916869,38.503351,32.253782,0.83768767,464.51185,-0.00066174918
29.329206,27.687962,36.341059,31.268379,0.86041463,273.41082,-0.1203017
30.179215,28.176255,36.992994,32.513958,0.87892204,330.60733,-0.11187928
30.898457,28.443363,38.681957,32.614335,0.84314079,405.64855,-0.041956835
30.894938,27.62462,39.361307,32.064786,0.81462705,568.32821,0.00074335727
29.595791,27.348075,35.782145,32.316977,0.90315929,385.17443,-0.12927483
30.803491,27.837629,35.424161,35.343732,0.99772956,507.52777,-0.033814334
31.313763,28.957774,41.068097,31.612629,0.76976122,381.06989,-0.028199103
31.855642,29.755895,37.619575,35.598937,0.94628758,328.06529,0.055315753
29.855066,27.759444,38.606529,30.547456,0.79125103,352.16742,-0.11125432
31.946341,29.547276,39.727705,33.938978,0.85428991,380.25242,0.086690284
29.894541,26.474287,35.607259,33.126115,0.93031917,624.54121,-0.099658549
29.192856,26.891613,35.366376,31.813967,0.89955405,401.96669,-0.19691175
28.488032,25.969248,41.655956,25.992378,0.62397746,459.11156,-0.2175792
30.248755,27.279609,42.980324,28.333538,0.65922113,519.26902,-0.035479397
28.978171,26.258535,39.611863,28.135689,0.71028442,492.41222,-0.17066555
29.406881,27.574075,34.259379,33.307933,0.97222817,308.13618,-0.1558509
29.597661,26.967213,40.560562,28.669741,0.70683787,461.89195,-0.09034677
29.727383,27.200387,34.220011,34.075765,0.99578477,438.55652,-0.091572247
30.555353,28.56099,37.028579,33.288607,0.89899768,324.47013,-0.038442401
31.581611,28.216904,41.08688,32.128294,0.78195994,572.77695,0.03525295
30.860272,28.390477,37.171473,33.821691,0.909883,409.02603,-0.047078211
29.255364,26.42745,38.182857,29.671006,0.77707663,509.9004,-0.13758555
33.01842,29.003691,38.55544,37.313175,0.96777978,673.09184,0.079334887
31.773415,28.147097,38.742861,34.407547,0.88810032,622.67318,0.037899299
29.372057,26.777048,41.449476,27.686858,0.66796642,458.71167,-0.16529581
30.188476,27.779969,35.393329,33.978882,0.96003635,407.56072,-0.080037665
30.69119,27.934646,42.473659,29.458522,0.69357156,467.62506,-0.078397239
30.573233,27.894404,39.162256,31.567082,0.80605882,454.29355,-0.069289542
30.903906,27.508443,39.568212,31.922112,0.80676156,594.50561,-0.069648262
29.634587,27.250995,36.13015,32.09551,0.8883304,411.38846,-0.11958422
28.397804,26.350919,40.975385,26.226849,0.64006352,362.90929,-0.27341373
31.163522,28.953183,37.950305,33.789553,0.89036316,356.33913,0.00035702323
31.04084,27.804961,39.960726,31.896746,0.79820235,557.96817,-0.046152914
29.594196,26.537578,38.444399,30.148921,0.78422142,551.79906,-0.13923499
30.690133,27.356364,35.49846,35.010972,0.98626735,586.35496,-0.046825892
31.692566,29.574139,39.272403,33.785524,0.86028665,333.26437,0.01662971
29.513133,27.449496,38.345855,30.061288,0.78395145,350.6324,-0.09195944
30.022739,28.043174,35.491274,33.516772,0.94436656,328.18312,-0.086847751
30.045678,27.440699,36.789963,32.403833,0.88077915,448.74212,-0.048381258
30.230017,27.047791,36.232357,33.292593,0.91886359,564.54462,-0.066432201
30.424423,27.090066,41.498648,29.599897,0.71327377,592.68944,-0.049115659
31.371044,28.463923,37.823409,34.348742,0.9081345,485.11301,0.021402205
30.108722,27.850627,40.961285,29.364176,0.71687633,379.68228,-0.10032531
29.796024,27.727434,40.481283,29.095907,0.71874962,347.8128,-0.036396529
30.445436,27.905121,42.090798,29.250256,0.69493233,429.19349,-0.012621935
30.108013,26.928046,39.887843,30.105716,0.75475918,566.81423,-0.077770432
31.062648,28.509396,39.313706,32.444757,0.82527851,421.81544,0.025984163
30.470405,27.738547,35.986329,34.048458,0.94614981,466.65384,-0.056933332
31.030118,28.061291,37.370098,34.013155,0.91017034,503.73882,0.0093131758
31.731117,29.341968,37.24167,35.677429,0.95799757,381.39036,0.039098641
31.743879,28.94182,38.96077,34.157036,0.87670331,458.23432,0.028208442
30.230548,27.127616,34.748395,34.703183,0.99869886,547.69104,-0.10060174
30.270464,28.492921,35.58174,33.983556,0.95508413,288.38164,-0.036454577
30.1672,28.037617,37.413974,32.13294,0.85884864,354.43681,-0.057073855
30.19795,28.476516,37.515846,32.112698,0.85597692,279.05952,-0.07109652
30.871234,28.380872,40.377244,31.246859,0.77387302,412.78281,-0.040075993
29.792256,26.858416,41.232771,28.59366,0.69346927,521.27515,-0.11179587
31.350493,27.976313,41.290943,31.5227,0.7634289,579.84096,0.025130633
31.203229,28.465078,38.845678,33.114716,0.85246847,455.09263,-0.0042246193
29.753588,27.277974,38.625791,30.330493,0.78523942,427.79778,-0.11133358
29.128575,26.571017,37.746277,29.744453,0.78801024,455.39658,-0.13854928
29.602765,26.647672,35.905186,32.223551,0.89746229,529.781,-0.11934587
30.575615,28.544892,38.084744,32.431821,0.85156988,330.87364,-0.055094751
30.175759,27.868698,34.923507,34.404514,0.98513915,388.11572,-0.077582189
31.637054,28.081803,37.206444,35.500441,0.95414766,611.0164,0.056410022
31.00289,28.398602,36.302312,34.939274,0.96245314,432.55171,-0.0050588723
32.353231,28.960165,39.443485,35.040962,0.88838401,562.02111,0.041224867
31.752918,28.413645,36.532573,36.416586,0.99682513,563.88155,0.030913753
31.090287,27.633359,36.216314,35.218767,0.97245587,603.17741,-0.016871527
30.92852,28.426883,36.688553,34.410337,0.9379039,414.0518,-0.019203725
29.666432,26.886245,40.156586,29.069846,0.72391229,491.56939,-0.10795763
28.539644,25.984826,39.4414,27.42875,0.69543045,465.81366,-0.2039151
31.548725,28.494277,39.963235,32.925216,0.82388765,510.86195,-0.010997802
30.880506,28.657618,41.941792,30.163581,0.7191772,362.36362,-0.010839445
30.592344,27.619793,39.680018,31.211459,0.78657875,513.05035,-0.033997368
31.02845,28.211401,41.525096,30.731354,0.74006701,473.5723,-0.037927059
30.821751,27.790443,39.212733,32.032168,0.81688179,520.47636,-0.059205425
31.332747,28.521782,40.948261,31.737989,0.77507539,467.00226,0.048367208
28.334211,26.261005,32.671655,32.423833,0.99241477,369.15584,-0.23397007
29.691283,26.910933,39.242319,29.755886,0.75826012,491.11825,-0.10540709
30.604445,27.37919,37.355596,33.108648,0.88631026,565.30677,-0.013708481
30.971464,28.695837,42.013477,30.28741,0.72089748,370.90847,-0.005385287
31.548187,29.380982,38.644057,34.011975,0.88013469,343.68606,0.028270323
30.13684,27.253263,40.116057,29.999666,0.74782189,503.7832,-0.076412335
32.205438,29.421774,40.844942,33.571131,0.82191648,447.13915,0.035206897
29.91163,27.251932,40.253785,29.470548,0.73211867,462.16562,-0.10520694
30.193741,27.293947,42.23854,28.692222,0.6792901,506.00709,-0.02852254
31.330568,29.386114,39.796384,32.61103,0.81944706,306.68444,0.039879867
30.499294,27.266283,39.428404,31.215082,0.79169022,569.29786,-0.01165198
29.13122,27.155263,33.494803,33.431202,0.99810117,338.80668,-0.21513555
30.357021,27.245589,44.462082,27.65606,0.62201451,546.74814,-0.077505034
30.325752,27.044529,39.235683,31.01359,0.79044347,583.56494,-0.036329918
29.872318,26.503467,38.672395,30.532256,0.78951035,613.65979,-0.08275404
31.13093,28.135004,37.202988,34.383744,0.92421997,507.23452,-0.015155549
28.488032,25.982544,41.655956,25.992378,0.62397746,456.28307,-0.2175792
31.769626,29.03615,41.453547,32.228986,0.77747233,444.76794,0.067662209
30.867957,28.228631,39.049133,32.255841,0.82603219,441.54308,-0.054302549
29.148799,26.154402,43.110478,26.321093,0.61054978,548.23879,-0.15004286
30.226112,27.164392,36.512947,33.032956,0.90469159,539.09624,-0.16128361
30.686292,27.905317,41.356808,30.19221,0.73004208,472.57393,-0.055045057
31.172966,28.413771,43.32615,29.801701,0.68784557,459.69944,0.0111303
30.982703,27.947616,41.320567,30.786351,0.74506119,518.03161,-0.018909813
29.112436,26.726819,38.522948,29.143042,0.75651123,420.32254,-0.16259757
29.374423,27.052399,35.821429,31.806396,0.88791533,403.25703,-0.14415518
31.121386,28.062141,40.889397,31.364744,0.76706303,520.16664,-0.020568177
30.977685,28.490492,38.736154,32.734675,0.84506777,410.5465,-0.0085875792
30.925915,28.588271,40.806368,31.04191,0.76071239,383.09684,0.030363861
30.474833,27.667415,35.403311,34.614798,0.97772771,481.74996,-0.039780339
30.064996,28.53108,38.83962,30.791269,0.79277988,247.01307,-0.076220839
30.972882,27.713017,43.468146,29.345058,0.67509337,564.42811,-0.0001873663
31.228174,28.699322,45.322926,28.687347,0.63295445,414.61478,0.041771459
30.004395,27.515605,38.165272,31.188666,0.81720015,426.2728,-0.069165612
30.953885,27.832977,35.671969,35.441832,0.99354849,536.11408,-0.025829169
32.175983,28.427364,46.532835,29.654279,0.63727642,638.56121,0.10380994
30.63585,27.671512,35.413149,34.971216,0.98752067,510.50894,-0.063099223
30.146452,28.261902,35.811833,33.493086,0.93525193,309.17054,-0.064732131
29.089096,26.452786,39.578245,28.367009,0.71673238,472.59109,-0.17398398
30.623413,27.908221,38.68688,32.042428,0.82825052,460.6191,-0.04017453
30.948893,27.89978,41.895969,30.324182,0.72379713,521.55414,0.013534312
30.81749,28.531125,38.356712,32.712575,0.85285139,375.02433,-0.027173432
29.724135,26.98046,34.516549,33.776393,0.97855648,482.86999,-0.14921693
29.177257,26.918329,41.117455,27.538524,0.66975263,393.7395,-0.12961361
30.475568,28.138266,39.835954,30.863885,0.77477459,389.51097,-0.059965228
30.06159,28.425979,36.385378,32.790191,0.90119144,265.07281,-0.048732142
29.435913,27.199706,34.764345,32.892696,0.94616181,385.29918,-0.16707868
29.607556,26.697853,44.725991,26.228326,0.58642248,520.0112,-0.10376141
31.132807,28.356394,36.517467,35.025609,0.95914674,463.7531,-0.011937369
29.552535,26.551466,43.250334,26.942129,0.6229346,540.72734,-0.099407744
30.72179,28.08234,41.011001,30.500131,0.74370609,444.01063,-0.028033809
29.935361,28.26841,38.228786,30.998675,0.81087259,271.93225,-0.10012749
30.843955,28.570262,37.135898,33.818031,0.91065605,372.29375,-0.028938957
28.790899,25.853077,40.965422,26.933698,0.65747395,543.84651,-0.1824752
30.909054,28.027456,38.210164,33.026734,0.8643442,488.56263,0.020629185
33.675856,29.578404,43.647247,34.381588,0.78771493,673.65862,0.13532192
30.288327,27.554212,41.2685,29.497221,0.71476358,470.39594,-0.099603462
31.481412,27.981227,39.06219,33.517545,0.85805598,603.12873,0.025832052
29.699349,27.063769,40.107952,29.165545,0.72717611,461.09315,-0.099000934
31.17576,28.665085,36.490135,35.14804,0.96322034,411.97862,-0.012883474
30.906828,28.945575,37.580595,33.561004,0.89304079,314.39005,0.011385275
29.752394,27.303799,35.727228,32.70589,0.91543319,422.42183,-0.12828167
29.098837,27.083452,36.585644,30.587771,0.83605938,346.87876,-0.17475872
28.714938,26.058486,36.003571,30.264679,0.84060214,484.14138,-0.30696835
31.709536,29.345593,36.790153,36.063578,0.98025082,377.0958,0.0089724356
31.716791,28.229757,43.998342,30.375153,0.6903704,594.97274,0.096675424
31.538747,28.627799,37.485652,35.021616,0.93426721,482.82637,0.010265662
32.152974,29.659412,38.268147,35.65541,0.93172554,394.51029,0.027142106
30.908307,28.332596,37.874351,33.310035,0.87948793,428.57218,0.0031903755
29.272255,26.483624,35.533625,31.83806,0.89599809,501.18474,-0.16942883
30.642064,27.564179,36.983919,33.515492,0.90621797,533.71615,-0.051454509
30.207399,27.249468,35.353332,34.059517,0.96340331,517.78065,-0.12582893
31.07871,28.139628,37.746395,33.785412,0.89506326,496.85931,-0.02748296
30.732674,28.204065,38.855007,32.132767,0.82699167,422.29398,-0.048412502
26.495614,24.321928,38.915166,24.076846,0.61870084,420.88258,-0.44867269
31.705316,29.119924,40.717692,32.654894,0.80198294,417.95143,0.051550357
27.827466,25.087515,42.530631,24.393994,0.57356295,521.18376,-0.24040379
29.375472,26.803433,42.600074,27.005038,0.63391997,453.9144,-0.11422934
29.277643,27.31492,38.450932,29.518254,0.76768631,334.35963,-0.1636778
28.834219,26.406905,40.232298,27.466194,0.68269018,433.62785,-0.19701928
31.157873,28.682902,36.713254,34.896402,0.95051236,405.50999,0.0067062102
27.344874,24.918752,42.661098,23.534453,0.55166074,460.97821,-0.29965086
30.280552,27.204534,39.491975,30.732146,0.77818711,540.9416,-0.097010116
29.394793,27.107792,41.463893,27.719193,0.668514,395.96767,-0.11417288
30.101856,26.889049,42.55829,28.326204,0.66558604,574.01647,-0.11368348
30.56396,27.680824,38.090696,32.402589,0.8506694,495.38506,-0.024407135
30.553168,27.328549,35.489512,34.708449,0.97799171,566.31426,-0.0048588901
32.015478,30.162005,39.748157,34.066779,0.85706563,283.87368,0.012131908
30.848353,27.659099,39.701512,31.707665,0.79865133,552.44295,-0.0065048851
31.218696,28.907432,44.595906,29.098797,0.65249931,374.12686,0.047890116
30.790524,28.34411,35.586331,35.153307,0.98783174,405.62868,-0.042282291
30.498857,27.992192,41.706609,29.601524,0.70975618,421.76772,-0.011335027
30.208669,27.487164,40.554274,29.831704,0.73559951,469.30074,-0.065068834
30.311352,28.05912,41.408535,29.447197,0.71113836,375.67375,-0.0097450244
30.497635,28.060572,36.620009,33.527018,0.91553821,408.31068,-0.05226245
29.879153,27.249243,36.875933,31.977628,0.86716796,456.70343,-0.10145456
28.874579,26.701946,34.499881,31.897689,0.92457389,381.10253,-0.23134997
29.643738,27.493739,38.05718,30.541491,0.80251589,365.47738,-0.1332685
31.361344,28.306853,37.498729,34.619702,0.92322334,514.49262,-0.0094752003
27.290431,25.214229,43.228261,23.172561,0.5360512,385.93317,-0.33321919
29.751839,27.797982,37.30271,31.358316,0.84064444,326.7096,-0.087379569
30.615434,28.021942,40.591859,30.590444,0.75361033,436.79766,0.022153845
30.37607,28.014259,39.287277,31.075241,0.79097466,395.6726,-0.07614451
30.765125,28.155849,37.618242,33.225042,0.88321625,437.40138,-0.041314563
29.701504,26.814999,40.893353,28.645305,0.70048806,513.15866,-0.084596885
28.960827,26.186517,36.35526,30.488658,0.83863125,504.48395,-0.19443605
32.019255,29.587086,43.207395,31.466651,0.72827004,385.2465,0.066995511
30.481949,27.315658,39.387536,31.211277,0.79241508,555.58155,-0.058209565
31.35396,29.176908,37.768857,34.360316,0.90975259,347.86743,-0.0067793901
29.801654,27.584857,40.924023,28.812099,0.70403878,376.14532,-0.094374838
30.685578,28.21483,35.473448,35.025207,0.98736403,411.89178,-0.018650559
30.482622,27.305223,39.854727,30.863998,0.77441248,557.90755,-0.078221523
28.465022,26.501384,35.616534,30.061251,0.84402517,345.31945,-0.34865538
28.545115,25.734032,44.099907,24.782909,0.56197191,521.28765,-0.17850726
30.767449,28.808552,41.247394,30.423042,0.7375749,315.55877,-0.039566592
31.358781,28.799731,38.221513,33.972218,0.88882454,418.31271,0.023246304
33.484577,29.586887,42.999934,34.489579,0.80208446,637.88164,0.17830665
30.364388,27.781819,35.533338,34.240089,0.96360461,438.83747,-0.053464457
30.147091,27.055228,37.913575,31.681619,0.83562732,547.1609,-0.079645711
30.800054,27.497914,39.106494,32.071462,0.8201058,577.1389,-0.01268512
30.727087,27.81418,39.285725,31.7829,0.80901906,498.28902,-0.021882386
30.896364,28.166474,35.791462,35.192773,0.98327284,458.75271,-0.023732993
30.032284,27.382283,42.23277,28.401116,0.67249,458.03764,-0.077416444
30.703037,28.756087,36.274562,34.29579,0.94545015,314.14262,-0.058956848
29.492422,27.066833,34.990704,32.807287,0.93760007,422.09787,-0.14995447
31.22891,28.521526,40.189984,32.099818,0.79870194,448.70702,0.0050901911
31.322305,28.146589,38.355988,33.778222,0.88065057,539.69706,0.014650372
30.705808,28.315119,35.90813,34.648778,0.9649285,396.28844,-0.032423044
29.909321,27.313284,37.516426,31.511099,0.83992807,449.32246,-0.063466432
30.983314,28.544314,38.51793,32.92597,0.85482189,401.32734,-0.015927085
30.481806,27.917243,35.251887,34.778831,0.9865807,433.34416,-0.066221048
30.711404,28.943828,35.304592,35.251711,0.99850214,282.03608,-0.010221971
30.380472,27.646927,41.197072,29.719414,0.72139627,468.61029,-0.015909092
31.076415,27.87552,40.685528,31.425212,0.77239287,549.98367,-0.044838705
31.762124,28.328141,44.755441,29.981112,0.66988753,583.01979,0.020642173
29.777919,27.04642,35.052891,33.383247,0.95236785,479.33242,-0.14186647
29.425371,27.254363,34.555217,33.066209,0.95690933,372.66261,-0.13014121
28.68802,26.577102,43.829422,25.15684,0.57397151,371.52263,-0.13446636
29.457708,26.304353,37.925038,30.268152,0.79810474,576.0651,-0.10827591
31.758029,29.569931,37.904494,35.120021,0.92653977,344.83806,0.05017139
31.151856,27.868805,35.968256,35.601046,0.98979072,565.32889,0.011325661
30.871371,28.297938,37.397645,33.645133,0.89965916,428.7264,-0.015171123
31.518324,29.094722,39.594197,33.158061,0.83744749,390.67803,-0.0097135716
30.107559,27.600031,41.665229,28.898808,0.69359532,428.28452,-0.04446817
32.211388,29.278779,43.844263,31.399814,0.716167,475.12354,0.053013776
30.299282,27.674737,37.943477,31.972412,0.84263265,448.26021,-0.088233199
30.467625,27.748547,35.325676,34.674183,0.98155753,464.14948,-0.051131313
30.328419,28.322133,41.937518,29.132341,0.69466059,329.39387,-0.053211338
30.989823,27.83178,39.948615,31.803506,0.79611035,542.99154,-0.040273954
30.016305,27.943291,39.331486,30.328381,0.77109676,345.76415,-0.11325791
29.06055,26.369889,39.529694,28.34569,0.71707335,484.615,-0.12246414
30.067383,27.033734,38.778702,30.842254,0.79534004,536.56194,-0.098596694
30.381992,28.063738,36.902935,33.025624,0.89493218,387.24169,-0.056182619
29.310495,27.035042,35.684483,31.788423,0.89081922,394.97461,-0.12535843
29.11143,26.879246,36.206303,30.923908,0.85410289,389.41177,-0.19453749
29.962841,26.690601,40.020698,29.73066,0.7428821,590.16874,-0.076739642
30.648203,28.486167,35.812814,34.610581,0.96643011,354.15809,-0.025605521
29.600587,27.073939,38.349074,30.233106,0.78836601,440.66893,-0.15052838
29.957412,27.535477,35.223189,33.623184,0.95457525,413.82453,-0.084825321
30.54359,27.902694,40.658176,30.404084,0.74779754,447.31141,-0.035019714
29.612204,27.709562,34.830379,33.223372,0.9538619,318.80069,-0.16524579
30.421702,27.702906,39.772595,30.804142,0.77450671,464.91306,-0.056565246
29.270422,26.850948,41.475633,27.486944,0.66272512,424.5604,-0.092502137
31.730015,28.212435,40.524378,32.854167,0.81072601,601.00094,0.058728161
30.426008,27.524684,35.698713,34.220646,0.95859608,501.75315,-0.09537324
30.499293,28.288453,36.898817,33.282051,0.90198151,365.25011,-0.02889675
29.461948,27.652632,36.32603,31.560656,0.86881656,303.10254,-0.19256975
29.423934,26.95933,39.398569,29.127722,0.73930915,431.12222,-0.082050503
31.838267,29.229608,40.932046,32.758397,0.80031174,420.26175,0.060882759
31.059016,28.12146,36.208075,35.15611,0.97094666,496.92659,-0.0005724544
29.370329,26.742957,36.913974,30.883657,0.83663864,465.43896,-0.17963898
30.274327,27.446407,36.085871,33.522904,0.92897588,489.68373,-0.066092835
31.321142,28.569965,38.824343,33.379392,0.8597542,455.61041,-0.0023813064
30.881726,28.106485,36.755296,34.245524,0.93171673,467.93788,-0.029581078
32.338234,29.055795,39.20819,35.21424,0.89813481,540.42873,0.046779324
29.177301,27.117966,37.354066,30.141298,0.80690808,354.36484,-0.16697646
29.777714,27.03512,40.310542,29.176634,0.72379661,481.62541,-0.11577894
32.341097,29.813138,39.720476,34.776861,0.8755399,398.08521,0.062717353
30.599167,28.431131,38.729374,31.958857,0.82518393,355.91608,0.0019507203
29.731154,26.978101,37.395546,31.240431,0.83540512,484.67758,-0.18156629
29.062871,26.90514,40.994374,27.407003,0.66855523,375.32996,-0.23276954
31.452693,28.006697,37.56539,34.759267,0.92530032,592.46963,0.017043311
29.430338,27.287314,37.519587,30.525789,0.81359608,367.1321,-0.15201364
31.238548,28.174695,38.740248,33.276126,0.85895491,518.77643,-0.029088735
28.672922,26.303608,37.695832,28.880125,0.76613576,424.40062,-0.20418156
30.405007,27.464395,40.884876,29.979293,0.73326121,510.22322,-0.026947115
30.430881,28.04691,36.1589,33.800615,0.93477997,399.10818,-0.069679403
28.334356,26.132568,34.217745,30.974375,0.90521381,395.41006,-0.23226458
31.487631,27.923607,39.6736,33.030755,0.83256259,616.40156,0.00043356409
31.047244,28.541501,35.843222,35.48569,0.99002511,413.00754,0.0007790533
29.66133,27.322632,36.492152,31.841753,0.87256442,402.07047,-0.11794492
31.299245,29.253734,37.30403,34.661008,0.92914916,324.9322,0.012870559
29.438553,26.757015,34.29912,33.341058,0.97206745,475.40958,-0.15727004
29.423911,26.580626,38.782197,29.564784,0.76232875,509.70468,-0.12332379
29.003514,26.7164,41.687537,26.881546,0.64483412,402.12753,-0.19911404
31.51529,27.808164,41.034163,32.035857,0.78071185,646.14747,0.029882505
31.885591,28.6261,37.458852,35.817073,0.95617113,545.02402,0.021565425
30.413041,28.10686,43.280698,28.446848,0.65726407,384.48779,-0.047873182
30.149739,28.275949,36.04969,33.282508,0.92323978,307.16366,-0.069001371
30.630434,27.543407,37.25402,33.252582,0.89259045,535.85091,-0.025004809
30.17812,27.992159,36.894481,32.59627,0.88349988,364.94709,-0.10581168
30.229899,27.95574,36.626482,32.940815,0.89937154,381.01598,-0.076371895
29.186874,26.97738,38.028391,29.649734,0.77967365,383.75195,-0.18194259
31.392302,28.910426,40.254878,32.379269,0.80435639,403.3205,-0.020193543
30.128586,27.757486,37.86089,31.685907,0.83690339,401.20759,-0.095430964
29.10947,27.358534,45.345132,25.087089,0.55324768,296.17884,-0.13177899
29.441729,27.30843,36.014074,31.783753,0.882537,365.07897,-0.11848787
30.286354,27.18059,35.059856,34.522405,0.98467049,547.08029,-0.037786711
29.941092,26.984742,40.776096,29.171963,0.71541823,522.92651,-0.10595345
31.177228,28.292537,38.369065,33.458974,0.87202994,484.23011,-0.034476892
30.762764,27.535526,36.601132,34.125161,0.9323526,562.22481,-0.03593459
29.861609,27.769523,34.361606,34.242481,0.99653319,351.40803,-0.095897825
28.015667,25.320792,43.154454,24.387495,0.56512115,506.95624,-0.21110588
29.013048,26.317222,36.045136,30.851561,0.85591469,486.64624,-0.18781009
30.367337,27.595527,35.46584,34.311439,0.96745032,476.55358,-0.071506779
30.249748,26.847105,35.195498,34.306989,0.97475505,611.73735,-0.11736367
29.416248,26.710991,38.468807,29.778161,0.77408589,480.78022,-0.079984147
30.39641,28.128621,35.246671,34.58965,0.98135937,377.42575,-0.065169309
32.083645,29.439631,38.951391,34.89148,0.89576981,423.07993,0.083527163
31.453782,28.177891,40.366777,32.417241,0.80306737,557.34799,0.013118002
31.407138,28.606756,37.204236,34.991131,0.94051471,463.65697,0.019789435
31.341169,28.195602,37.776705,34.325551,0.90864332,533.20219,0.00011882665
31.240287,29.11009,39.234627,32.873882,0.83787931,340.82283,0.0071193051
30.713824,27.813122,37.124685,33.545944,0.90360211,496.07721,-0.055069238
30.494205,28.087718,37.911192,32.405104,0.85476351,402.47765,-0.051041179
32.499593,28.605018,41.953173,33.308614,0.79394743,661.09849,0.085123351
29.887812,27.38289,37.617777,31.384755,0.83430647,431.41391,-0.11756909
31.383624,28.232656,39.340685,33.084668,0.84097844,533.43251,0.018823059
31.334062,28.495844,41.302782,31.481978,0.76222415,472.28852,0.023834389
31.446727,29.055725,36.823801,35.437759,0.96236015,385.67447,-0.019901579
29.102367,26.299184,38.870791,28.877269,0.74290407,507.76632,-0.20517557
30.741718,28.912844,36.103608,34.542999,0.95677415,292.57853,-0.008812222
30.891775,27.828578,37.168933,33.892412,0.91184786,525.57483,-0.029848956
30.272068,27.753405,35.916676,33.67366,0.93754945,427.78005,-0.047462692
31.573645,28.147133,37.47554,35.107994,0.93682423,585.68711,0.027638137
30.567368,27.514551,37.976902,32.503784,0.85588298,530.07757,-0.059998598
30.243296,27.078623,37.489197,32.229961,0.85971329,560.50664,-0.073482854
30.248989,27.059453,36.142578,33.41552,0.92454722,565.67835,-0.058138482
31.717659,28.577037,39.613354,33.555984,0.84708768,524.68619,0.027276923
31.055117,27.593789,35.843967,35.502934,0.99048562,604.94296,-0.037316448
31.834495,28.139182,40.654663,32.964802,0.81084923,635.70737,0.027639575
32.026683,29.275881,37.351227,36.236893,0.97016607,443.86838,0.084890346
31.356926,28.488164,38.026379,34.138657,0.8977625,477.84926,-0.0022981643
31.263649,27.776676,39.989071,32.324463,0.80833243,605.4502,0.01347344
32.261969,28.905471,37.475552,36.648525,0.97793156,556.63804,0.018639447
32.094769,28.598232,37.105122,36.631123,0.98722551,588.42966,0.02911873
33.751363,31.033282,39.371937,38.179337,0.96970939,411.97588,0.12040845
30.43814,27.122133,36.685707,33.338802,0.90876815,588.41897,-0.054254762
32.031018,29.476835,37.369667,36.228897,0.96947337,407.31723,0.085070929
30.563483,27.902798,39.319332,31.426744,0.79926953,450.87569,-0.0099001849
31.519858,28.982206,39.497509,33.239624,0.84156254,411.8412,0.044873585
30.871234,28.255052,40.196457,31.380507,0.78067843,436.99538,0.017502099
32.740788,29.21797,40.245975,35.177177,0.87405454,579.64298,0.093041317
33.557873,29.796596,40.528782,36.682014,0.90508553,609.07787,0.14990066
29.665304,26.695912,36.923458,31.488871,0.85281479,531.49923,-0.13712085
32.372689,29.145869,40.791618,33.956886,0.83244764,528.84732,0.047936499
30.048823,27.118151,37.310158,31.971073,0.85689996,515.33058,-0.12046733
30.459586,27.435389,36.432995,33.612904,0.92259514,526.37349,-0.069928978
30.565947,28.715304,39.610153,31.211271,0.78796138,298.3474,-0.052532975
30.366297,27.427713,37.598244,32.397312,0.86167088,510.57643,-0.057853102
29.402781,26.326479,36.999931,30.881363,0.83463299,560.41479,-0.14200102
32.217929,29.327829,38.011475,36.037468,0.94806813,466.94991,0.026660226
29.495659,26.491813,39.140537,29.447849,0.75236191,542.57394,-0.088413446
30.374629,27.412911,36.842258,33.062977,0.89741994,515.17984,-0.075392604
31.357551,28.647765,38.59621,33.64806,0.871797,447.02553,0.042197243
31.115831,28.798083,37.188503,34.363831,0.92404448,376.73726,-0.01705514
31.206953,27.814505,37.634243,34.16135,0.90771987,586.88651,-0.0062005597
31.758768,28.168683,38.797321,34.329102,0.88483176,615.4337,0.0071187718
28.932807,26.752428,36.190746,30.564327,0.84453432,381.77515,-0.19544369
31.998441,29.14542,37.315697,36.207439,0.97030049,463.64107,0.12618789
30.667214,28.251311,37.987171,32.704693,0.86094047,401.66837,-0.06358012
29.320096,27.217355,36.160065,31.401154,0.86839318,360.84007,-0.16245625
30.609785,28.631439,35.46978,34.856251,0.98270277,320.90909,-0.054750418
29.957263,27.157725,39.688194,29.954929,0.75475667,489.93831,-0.082007394
31.174878,29.527543,36.900639,34.758839,0.94195764,256.69459,-0.022897447
31.065866,28.424959,37.322056,34.133942,0.91457829,438.58209,-0.051275012
32.062429,28.649304,41.849773,32.515549,0.77695879,572.20942,0.035662862
30.339764,26.831785,36.200356,33.562004,0.92711806,632.64999,-0.052635592
33.798976,30.634697,39.019592,38.631229,0.99004697,490.98581,0.18293346
31.064007,28.285065,36.515316,34.873684,0.95504265,465.45057,0.0078361918
31.085446,27.902876,37.349255,34.152153,0.91439985,546.02461,-0.013358571
31.246406,27.847774,39.506054,32.668674,0.8269283,587.28273,-0.034098695
29.701471,26.762094,37.804253,30.854727,0.81617079,524.34524,-0.04559152
31.263367,28.963129,38.665581,33.390713,0.86357717,371.48995,0.0011871165
31.817988,29.579375,36.966782,36.137405,0.97756426,353.09662,-0.0022815973
30.759007,27.901763,38.588348,32.401321,0.83966593,486.48343,-0.002132726
31.44068,28.176478,39.391712,33.161476,0.84183891,555.23933,0.0411672
30.539193,27.883185,36.428333,33.791725,0.92762205,450.3694,-0.025083921
30.230174,28.427528,39.93029,30.313379,0.7591575,293.33854,-0.082058236
32.699494,29.43986,38.861202,36.314293,0.93446139,528.89368,0.11014034
30.842731,27.913361,35.87941,34.985348,0.97508147,499.39655,0.01986672
30.428042,28.354526,35.60836,34.311359,0.96357594,340.58266,-0.028737072
30.712859,28.411237,35.881439,34.690247,0.966802,379.34707,-0.1050432
30.00193,27.87981,38.993221,30.549995,0.78346939,355.23359,-0.099355845
31.073624,27.865279,37.001305,34.442154,0.9308362,551.57764,-0.05634146
29.792608,26.605982,36.544537,32.075672,0.87771455,575.5031,-0.11486419
32.49209,29.209568,37.741737,36.91103,0.9779897,537.38924,0.10868551
30.200724,27.835496,39.123962,30.848036,0.78846912,398.97015,-0.07233156
31.588805,29.027128,38.871891,33.903805,0.87219335,415.29162,-0.032216918
32.348116,28.765796,39.242702,35.205208,0.89711478,600.23103,0.066500966
30.958615,27.571635,39.172726,32.343494,0.8256636,591.43597,0.0086001985
30.945238,28.43118,37.296776,33.894325,0.90877359,416.16417,-0.013037664
32.192529,29.017864,39.451626,34.690945,0.87932865,522.14598,0.04202814
30.518703,28.345866,38.347412,32.09919,0.83706275,357.87558,-0.03866906
32.550161,30.284564,37.805313,36.980774,0.97818986,348.8219,0.0780804
30.675213,28.571818,40.149017,31.027767,0.77281511,342.97928,0.00087513166
31.112813,28.00973,38.741093,33.012177,0.85212302,529.22215,-0.034017293
31.090446,27.673122,37.324883,34.184959,0.91587585,594.79379,-0.015695416
33.558876,30.816172,41.506065,35.84119,0.86351693,419.03842,0.13182441
29.917436,27.167133,35.831985,32.971607,0.92017249,480.56524,-0.14911393
30.218865,27.226715,40.447906,29.92515,0.73984423,524.67275,-0.023448328
31.543126,28.393897,40.307648,32.643597,0.80986112,529.86929,0.042981855
31.096557,27.660288,36.455196,35.003624,0.96018203,598.65452,-0.0059749353
30.693037,27.832918,35.421089,35.093903,0.99076296,488.29284,-0.019897012
32.055038,28.312736,37.370613,36.282177,0.97087455,640.19265,0.071628233
30.663749,27.600377,35.509136,34.940414,0.98398378,530.26917,-0.099782242
30.118751,27.668769,37.92897,31.610756,0.83341984,416.76654,-0.10558165
32.139019,28.844396,42.395309,32.268021,0.76112244,546.85644,0.01227285
30.385491,27.493062,37.286606,32.701321,0.87702595,500.72348,-0.094312707
28.314985,25.567201,38.136353,27.875952,0.73095485,512.28,-0.2112499
30.169424,27.520633,35.764095,33.588017,0.93915467,455.36528,-0.11984601
31.500889,28.149142,38.646885,33.908947,0.8774044,571.88004,0.031626365
29.597155,28.237155,34.205887,33.79203,0.987901,220.40283,-0.13896435
31.09813,27.763825,38.293575,33.355556,0.87104837,577.18237,-0.04600518
29.517797,27.179167,36.576874,31.467655,0.86031559,404.30446,-0.13647044
29.033309,26.438361,38.829063,28.773424,0.74102803,464.96183,-0.098766478
30.663355,27.582754,37.372726,33.219852,0.88887955,533.83548,-0.065846871
30.462386,27.174783,40.579918,30.302208,0.74672916,581.76652,-0.060170177
30.388182,27.286207,38.172443,31.970772,0.83753539,544.09122,-0.085023315
31.467421,28.045627,39.157421,33.409267,0.85320397,587.10071,-0.016141151
30.525808,27.674209,36.425625,33.764805,0.92695197,489.72182,-0.067508979
30.211388,27.161435,41.26775,29.352892,0.7112792,536.93494,-0.054990815
31.182124,28.593847,37.161072,34.534393,0.92931638,426.61563,-0.047652627
30.108328,27.169721,38.134472,31.425295,0.8240653,515.77463,-0.12627967
32.432025,29.202705,41.683598,33.378349,0.80075499,528.18201,0.099783034
30.572626,27.929484,38.249519,32.290413,0.84420442,447.25909,-0.023342252
32.024384,30.04679,37.299671,36.281498,0.9727029,304.97796,0.057918157
31.463908,28.146994,39.893082,32.807175,0.82237755,565.52927,0.010827893
29.997937,27.353629,38.861046,30.641062,0.78847754,457.4996,-0.12712933
32.373919,29.331764,37.908604,36.483513,0.96240719,493.14343,0.059647775
32.363489,29.580381,40.914062,33.84008,0.82710145,444.4958,0.037427645
32.277003,29.585983,40.405277,34.071465,0.84324295,428.80265,0.079365482
30.756873,27.656809,38.215099,32.703007,0.85576141,535.9117,-0.075266564
30.713279,27.585089,35.378052,35.182858,0.99448262,542.64472,-0.052166005
33.620981,30.58866,40.488041,36.855122,0.9102718,469.91824,0.17526158
29.372306,26.197868,37.461353,30.453306,0.81292595,582.76047,-0.11716836
30.336724,28.419575,41.660122,29.328526,0.7039952,312.94319,-0.071487136
31.094512,29.19052,36.225903,35.21904,0.97220599,302.11546,-0.018991763
32.432025,29.014219,41.683598,33.378349,0.80075499,565.29712,0.099783034
30.216741,27.149939,36.743595,32.809822,0.8929399,540.36578,-0.078244749
31.567648,28.185786,40.668255,32.41571,0.79707649,576.60929,-0.022051352
30.74761,27.675059,39.351807,31.773264,0.80741563,530.43389,-0.081291512
32.749254,29.020207,38.522614,36.74073,0.95374447,620.91465,0.12156619
30.495411,27.6601,38.450272,31.96838,0.83142143,486.99967,-0.029520374
28.684272,26.984536,37.253372,29.228659,0.78459096,291.29655,-0.1827794
31.565137,28.654488,38.58773,34.096546,0.88361109,482.29335,-0.0018909567
30.668119,28.880083,36.822613,33.716328,0.91564192,286.10006,-0.015379902
32.043477,28.228773,40.863087,33.226742,0.81312364,655.74983,0.098818423
30.313073,27.544206,36.790005,32.976307,0.89633875,476.96005,-0.04415934
28.94628,26.760139,35.829411,30.891212,0.86217471,382.72373,-0.19104802
31.732893,30.139089,38.056541,34.927048,0.91776728,242.81131,0.073660711
30.66273,27.659561,36.106678,34.363647,0.95172552,517.91399,-0.037708938
33.893781,31.300124,39.48328,38.393333,0.97239472,388.5162,0.19198579
29.277404,26.295461,34.38472,32.896835,0.95672831,542.64448,-0.11839276
30.91738,28.205086,36.894844,34.196129,0.92685387,454.94142,0.011266467
30.760378,27.960136,42.243359,29.737148,0.70394847,475.07107,-0.03298681
31.887888,28.31553,38.057121,35.265785,0.92665404,608.71651,0.031008614
30.887646,27.787398,37.103127,33.942451,0.91481376,533.24311,-0.050857386
31.520591,29.210258,37.00441,35.431389,0.95749099,369.88058,0.02321501
29.982116,27.077512,35.100784,33.794884,0.9627957,511.2438,-0.08395841
28.774147,27.066809,33.772858,32.351116,0.95790282,291.72816,-0.2094198
30.98681,27.753095,38.229134,33.174744,0.86778696,558.68769,-0.026033895
32.231124,28.584639,37.315994,36.734425,0.98441502,616.05253,0.036301525
29.858695,27.548508,37.937267,31.070759,0.81900362,393.44706,-0.076415796
30.033605,27.141619,39.559479,30.196426,0.76331708,507.58016,-0.099384694
32.979648,29.42683,40.886669,35.141453,0.85948437,580.4914,0.072944919
30.200523,27.76059,35.439064,33.962372,0.95833152,413.50084,-0.063168737
30.134671,27.157076,34.956657,34.278622,0.98060355,523.37216,-0.10654334
31.632323,28.944152,36.711155,35.965431,0.97968672,438.41348,0.037910251
31.218897,27.719903,36.771908,34.977222,0.9511941,609.05183,-0.0081335566
31.3017,28.068449,37.233021,34.731583,0.93281668,551.85515,-0.020926394
33.175538,29.519978,43.070774,33.816814,0.78514526,596.58545,0.094665865
31.290109,27.950125,36.910862,35.005234,0.94837216,574.08959,-0.012023836
31.562471,28.28574,37.149452,35.387741,0.95257774,555.21582,0.012934483
30.546185,27.582584,35.261486,34.916237,0.99020889,512.13506,-0.051520741
30.560455,27.278654,36.555569,33.722469,0.92249881,578.27662,-0.054507581
29.112833,26.244323,37.912598,29.588865,0.78044942,521.6161,-0.15011307
31.359646,28.948198,37.218727,34.872639,0.93696485,390.68681,-0.02963592
31.669541,28.848198,38.524487,34.374832,0.89228526,463.18933,0.0046080143
30.358143,28.395453,36.571682,33.266888,0.90963517,321.02043,-0.074424496
30.822728,28.048567,40.245525,31.248074,0.77643599,468.77342,-0.021276799
30.693254,27.896691,38.909088,32.009064,0.82266292,475.55633,-0.055327125
30.469583,27.302021,36.113213,33.928406,0.93950117,556.11999,-0.10853407
30.313588,27.295413,38.947254,31.208523,0.80130227,528.1387,-0.072522129
30.21482,27.825654,35.447178,33.986683,0.95879799,403.39454,-0.14418499
33.852472,29.900304,43.708286,34.688572,0.79363835,640.19708,0.15840411
30.698476,28.256475,40.996479,30.465351,0.74312116,406.18362,-0.020366779
30.443077,27.808938,38.645981,31.705475,0.82040808,447.69387,-0.050575149
30.550893,29.016021,36.760326,33.51704,0.91177211,242.88649,-0.036833023
30.552422,27.659114,37.367432,32.987343,0.88278325,497.67093,-0.058760847
30.260706,27.384783,36.282131,33.314659,0.9182112,499.77273,-0.08147986
29.421458,27.235283,38.342529,29.881739,0.77933667,375.68669,-0.14449643
31.255341,28.582579,38.168663,33.79673,0.88545753,441.60309,-0.014321672
32.889269,29.612323,38.215164,37.350471,0.97737304,528.58502,0.098618974
30.731078,28.008443,36.478092,34.16869,0.93669071,460.20355,-0.082523735
31.443102,28.354823,37.611816,34.696033,0.92247694,519.64861,0.046568298
32.704416,29.18169,43.261822,32.748966,0.75699461,580.40336,0.10627243
31.918336,29.389249,39.272579,34.261578,0.87240459,404.35367,0.077299029
31.519858,28.499493,39.497509,33.239624,0.84156254,504.66414,0.044873585
30.709841,27.551643,39.606709,31.501715,0.7953631,548.95453,-0.057619299
31.912585,28.711267,36.828861,36.487957,0.99074356,532.88466,0.013177391
31.981481,28.269902,38.793045,34.810474,0.89733802,635.5401,0.067515853
31.307096,27.964156,38.42799,33.684227,0.87655449,574.32628,0.034196607
30.562089,28.012341,37.517326,32.87941,0.87637936,429.13488,-0.079361907
30.864015,28.290662,38.193146,32.94619,0.86262048,428.82922,-0.022721871
31.698002,28.910428,37.189629,35.652714,0.95867356,456.23948,0.020843535
31.627252,28.189326,37.992851,34.754047,0.91475228,586.84274,0.020373043
33.040259,30.039355,38.721043,37.203735,0.96081438,473.79555,0.11791565
31.523804,28.357514,38.66357,33.943386,0.8779165,533.68339,0.0055541221
31.473811,28.578606,37.794395,34.598141,0.91543048,480.92173,0.017199691
31.22621,28.575351,37.536613,34.29044,0.91351982,437.87628,-0.0076701123
30.585184,28.346238,38.856529,31.829718,0.8191601,369.35029,-0.048500965
32.669548,29.87006,40.281422,34.996342,0.86879609,442.66766,0.1240106
31.186782,27.39552,36.744289,34.931629,0.95066825,672.92541,0.0071271653
29.443237,26.711637,35.595337,32.152489,0.90327812,485.76739,-0.1300358
32.354726,28.926435,37.389774,36.943474,0.98806358,569.01769,0.092728651
31.549592,28.838806,36.539356,35.945492,0.98374728,444.05169,0.012189729
30.726249,27.916075,37.173664,33.529476,0.90196855,477.67186,-0.073305938
29.964116,27.230301,39.195183,30.325483,0.77370434,476.30992,-0.11469093
31.721775,28.155075,39.401409,33.739395,0.8562992,611.41902,0.044554191
31.759272,28.427093,37.53072,35.467907,0.94503668,562.30596,0.032206569
30.868622,28.007498,40.498138,31.153126,0.76924835,485.22512,-0.038792722
31.541674,28.188291,36.794437,35.679592,0.96970072,571.32482,0.0095862879
32.800765,29.37632,40.265823,35.287533,0.87636438,558.96816,0.095306171
30.736546,28.001314,35.718056,34.901646,0.97714293,462.59719,-0.081275282
30.199934,27.878798,37.996895,31.723562,0.8348988,390.46854,-0.088242608
30.051804,28.545773,36.089573,33.032497,0.91529199,242.22445,-0.10149996
31.530629,29.062586,38.390293,34.193745,0.89068726,398.72177,0.0060356193
29.186349,26.444395,35.680653,31.526175,0.88356497,493.00174,-0.19049861
31.374848,28.9465,39.801651,32.697327,0.8215068,393.60583,0.0023863556
30.508261,28.379086,41.193451,29.964636,0.72741262,349.88092,-0.12728277
30.645586,28.331038,37.793949,32.821419,0.86843053,382.73678,-0.027043185
29.169211,27.262904,34.956882,32.127968,0.91907419,324.93248,-0.1723038
29.982582,27.043479,35.96439,32.994278,0.9174152,518.44809,-0.091018545
31.681791,29.207723,40.321796,32.91431,0.81629077,397.6507,0.0042812504
29.340847,27.059967,36.524227,31.140661,0.85260288,395.58519,-0.13346129
29.686197,26.713584,36.240314,32.110485,0.88604323,531.74035,-0.10390621
31.199976,28.223793,38.282452,33.580978,0.87718984,501.96386,-0.015553555
30.618142,27.791962,38.70953,32.013554,0.82701996,482.86681,-0.067645382
31.006806,27.573604,37.964031,33.442802,0.88090756,600.10846,-0.069568474
30.510022,28.891165,36.03204,34.093735,0.94620607,257.85792,-0.047424759
33.593011,30.601959,40.702969,36.603981,0.89929511,462.89137,0.15640446
31.704472,28.02337,38.666843,34.325912,0.88773506,635.89421,0.024475055
30.556607,27.938556,40.967731,30.212482,0.73747023,442.59368,-0.052178561
31.249768,27.625854,40.924744,31.591518,0.77194174,634.95015,-0.0096834262
31.04599,27.550687,42.66518,29.993843,0.70300519,612.39775,-0.019329056
30.626342,27.50647,38.599232,32.118565,0.83210373,542.75648,-0.067106433
31.276332,27.976793,38.018246,33.972408,0.89358168,566.02462,-0.008404134
30.670309,27.984231,37.483589,33.138779,0.88408767,454.04578,-0.026089557
30.778914,28.308142,36.7771,33.999691,0.92447993,410.4581,-0.048565296
29.629986,26.67697,37.514088,30.937553,0.82469159,528.75801,-0.11028374
31.129737,28.859275,36.243839,35.281288,0.97344236,367.81217,-0.023561144
30.577889,28.080255,36.444092,33.862347,0.92915875,418.75955,-0.011061141
31.13985,27.949866,40.0172,32.052773,0.80097491,546.40264,-0.055795209
29.810992,26.568035,36.073082,32.524776,0.90163563,587.38219,-0.076492538
30.640515,27.734948,38.284897,32.402626,0.84635531,498.4647,-0.071525901
30.443077,27.437695,38.645981,31.705475,0.82040808,522.81595,-0.050575149
30.552179,27.638727,37.531952,32.845901,0.87514502,501.77296,-0.071562378
31.445329,28.30075,39.511814,33.073742,0.83705957,530.89797,0.01566518
30.388182,27.267686,38.172443,31.970772,0.83753539,547.98211,-0.085023315
31.271103,28.104753,38.860477,33.244423,0.8554816,538.84803,0.01822312
30.660909,28.26443,36.652184,33.854706,0.923675,398.05716,-0.055714879
34.550902,30.65029,44.601032,35.411095,0.79395237,614.45355,0.17363505
32.215472,28.57914,37.589092,36.433453,0.969256,614.32521,0.052395443
31.936344,28.938027,39.362019,34.223904,0.86946516,492.6164,0.052308258
29.492775,26.723349,38.407024,29.975286,0.78046365,492.72589,-0.13331267
32.90051,29.904141,40.200893,35.55566,0.88444951,475.31343,0.059499117
31.174681,28.569835,38.315964,33.498703,0.87427535,429.89764,-0.016405896
31.731428,29.03799,38.252926,34.74778,0.90836921,437.81794,0.0027800165
30.879976,28.20365,39.075661,32.259399,0.82556246,448.54926,-0.012023355
30.230094,26.84742,38.573513,31.328522,0.81217705,607.84947,-0.067816138
31.279491,28.065562,39.338013,32.87141,0.8356144,548.37172,0.017361431
29.277404,27.778988,34.38472,32.896835,0.95672831,247.86065,-0.11839276
31.561131,28.619605,40.185226,32.775639,0.81561415,488.39345,-0.002677502
33.041897,29.207406,38.637714,37.287048,0.96504281,635.50892,0.086821457
32.035593,28.464,39.01244,34.734985,0.89035664,605.14563,0.064926849
32.736788,30.088773,38.413452,36.816284,0.95842165,414.07298,0.10131543
31.651263,29.464292,36.818336,35.904068,0.97516813,345.95043,0.017321868
32.880896,29.814912,39.537151,36.097221,0.912995,488.66655,0.075383263
31.612078,27.989165,38.613083,34.174892,0.88505992,625.84094,0.0045803183
32.214023,28.884803,38.056843,35.986294,0.94559325,552.19971,0.037464816
30.134671,27.905674,34.956657,34.278622,0.98060355,373.7425,-0.10654334
30.294255,27.487094,38.201012,31.754009,0.83123476,485.07731,-0.1112263
29.374445,26.389109,35.416122,32.162655,0.90813599,541.23716,-0.12950963
29.866999,27.598269,34.96376,33.667282,0.96291938,385.25531,-0.10199649
30.267296,27.241203,38.163815,31.728315,0.83137168,530.75559,-0.029103945
32.824132,29.201637,40.142822,35.442726,0.88291566,597.71788,0.04269836
30.235616,27.683896,35.811005,33.691006,0.94080035,434.89933,-0.10970942
31.256037,28.345539,41.59354,31.122463,0.74825232,487.88149,-0.022358311
30.483604,27.411008,37.197289,32.987274,0.88681931,535.9274,-0.035953816
31.567582,29.071067,40.057648,32.889107,0.82104439,403.46569,0.0011229048
29.676579,26.814454,37.781727,30.821695,0.81578312,508.53084,-0.16373228
31.549181,28.455323,38.079205,34.507294,0.90619786,518.6844,0.025913974
32.683427,29.083714,39.663582,35.557762,0.89648388,596.25951,0.081017378
31.198605,27.584263,36.990143,34.728241,0.93885122,634.16768,-0.015117452
33.117657,29.724762,39.032578,37.081821,0.95002234,546.46131,0.15075242
30.75922,27.563815,38.084042,32.817104,0.86170223,555.64696,-0.061505242
30.260706,27.899362,36.282131,33.314659,0.9182112,397.31287,-0.08147986
30.578594,27.558398,38.543774,32.064705,0.83190362,523.112,-0.067198877
31.071684,27.973298,37.985081,33.563015,0.88358414,529.10112,-0.068655444
30.249814,27.27329,35.418404,34.092594,0.9625672,520.78112,-0.092934631
31.246406,29.127673,39.506054,32.668674,0.8269283,338.6813,-0.034098695
31.583229,28.857857,38.297264,34.388157,0.89792725,446.27918,0.047490498
32.152574,30.245551,38.093189,35.816128,0.94022393,291.59637,0.023262418
30.447955,28.243399,37.209705,32.900372,0.88418793,364.76845,-0.091635589
32.18577,30.803251,37.334538,36.613167,0.98067819,204.90345,0.0078099343
31.425036,28.774397,40.051205,32.603596,0.81404782,434.62146,0.0087445114
29.256542,26.957134,40.771152,27.90044,0.68431817,400.59477,-0.11354036
29.818972,27.505839,39.854958,29.569416,0.74192566,394.62371,-0.056673039
29.889925,27.245437,39.040398,30.292919,0.77593776,459.46762,-0.10638684
30.934229,28.086948,37.14362,34.007545,0.91556895,481.26163,0.0098111728
30.871478,27.963592,36.316879,34.631187,0.95358379,494.53032,0.018040737
32.024384,29.116804,37.299671,36.281498,0.9727029,473.59362,0.057918157
32.208811,28.877586,38.658241,35.422981,0.91631125,552.70554,0.069425739
32.030068,28.328297,39.170811,34.586086,0.88295558,632.30559,0.063923798
30.554393,27.68645,40.642097,30.436356,0.74888744,492.48875,-0.043716669
31.235597,29.322064,36.622215,35.156307,0.95997216,302.27433,-0.0029744663
31.334925,29.071835,40.050423,32.42128,0.80951155,363.73042,0.032190004
29.836416,27.856594,37.318531,31.520931,0.84464555,330.53476,-0.10499275
30.797211,27.705519,35.61927,35.13612,0.98643571,533.35027,-0.043540908
30.519229,27.688719,37.539776,32.769379,0.8729242,485.5825,-0.06073043
30.85564,27.626557,36.614536,34.317741,0.93727095,560.57623,-0.036751868
32.335923,29.33643,39.418839,35.025291,0.88854192,485.67649,0.062884555
29.812789,28.073339,35.150501,33.369095,0.94932061,286.33401,-0.087163618
31.903856,28.486694,37.052406,36.248695,0.9783088,576.46291,0.03279053
31.557576,29.106039,37.142017,35.383831,0.95266315,395.27728,0.021159953
31.119605,28.799883,38.598106,33.144955,0.85871973,377.05089,-0.02933653
31.202589,29.235108,36.864883,34.853687,0.94544412,312.16516,-0.006156808
29.008763,26.209328,36.541054,30.437822,0.83297603,508.90041,-0.21249245
30.013931,26.878735,42.001614,28.512161,0.67883489,559.33249,-0.067865837
32.356536,28.900735,40.740307,33.964809,0.83369055,574.48726,0.069509464
31.18045,27.66183,36.157757,35.479954,0.98125429,614.1373,-0.033670164
31.626441,28.911726,38.609707,34.2085,0.88600776,443.54373,0.040685586
29.921769,27.046545,39.227306,30.218451,0.77034225,506.33006,-0.067650198
31.0035,28.5331,36.559219,34.697315,0.94907156,406.96709,-0.062599133
30.718431,29.283339,36.434608,34.180977,0.93814587,224.39905,-0.018946939
31.718581,28.219314,40.456623,32.88372,0.81281426,597.46541,0.029476355
31.150964,29.17116,36.681168,34.911213,0.95174758,314.93424,0.00082857282
31.773531,30.730307,38.384865,34.721725,0.90456812,153.75697,0.015272058
30.480628,29.226154,36.703686,33.414997,0.91039894,195.68176,-0.11214044
31.053973,28.452389,40.671436,31.391306,0.77182684,431.20767,-0.016723234
33.243949,29.517259,39.892246,36.568989,0.91669416,609.1968,0.10323976
30.982901,28.534809,36.173668,35.017612,0.9680415,403.05254,0.017608233
31.483765,29.118583,38.164406,34.29063,0.89849767,380.40934,0.026905837
31.084758,27.693095,39.417133,32.408062,0.82218212,589.51563,-0.039425692
32.832247,29.263914,41.756042,34.133022,0.81743911,586.7276,0.10630528
32.129342,29.735541,40.199142,33.932957,0.84412142,376.83756,0.056179414
30.720553,28.424003,37.928062,32.866581,0.8665505,378.28551,-0.041261312
29.897403,27.257724,37.160812,31.77788,0.85514493,458.35788,-0.077603705
30.737886,27.739729,36.127361,34.511925,0.95528497,515.38772,-0.088510961
30.948378,28.204871,36.479286,34.649658,0.94984474,460.52136,-0.033541002
30.713279,28.384151,35.378052,35.182858,0.99448262,384.52192,-0.052166005
31.101773,27.788779,38.882717,32.872833,0.8454356,572.65377,-0.015695091
30.764078,27.816329,38.585381,32.41423,0.84006505,504.62502,-0.014739481
31.541613,28.049322,39.937237,32.931267,0.8245755,600.08203,-0.019298398
32.102792,29.074103,38.648853,35.200642,0.91078103,495.46109,0.074686606
31.033639,28.518805,37.315365,34.06979,0.91302309,414.94493,0.018430658
30.559246,27.410226,37.049255,33.278812,0.89823161,550.27543,-0.065119167
32.44022,28.536368,37.889832,36.650585,0.96729342,664.54174,0.073188504
30.065782,27.645128,35.221558,33.867397,0.96155306,411.85487,-0.097067568
31.594053,28.081533,36.510231,36.075405,0.9880903,603.08934,0.01695932
29.84851,28.03113,36.151466,32.53661,0.90000804,300.21743,-0.083635487
30.929795,28.25109,40.848442,31.019209,0.75937312,448.17153,-0.02503325
30.840521,27.941751,37.722973,33.295666,0.88263632,493.28523,-0.025041374
31.368825,27.644683,37.724922,34.431919,0.91271014,653.53377,0.025383728
33.390222,29.851464,40.584293,36.271587,0.8937346,569.16241,0.12118658
32.850696,29.11499,40.810642,34.934303,0.85600964,619.92336,0.076670215
29.777256,28.087613,35.444386,33.017418,0.93152744,277.64073,-0.11370151
31.178681,27.720229,37.010201,34.665623,0.93665049,601.42195,0.022548163
32.293105,29.283569,41.617626,33.149406,0.79652323,488.3532,0.072215465
29.618122,26.940153,37.961746,30.563236,0.80510617,471.29387,-0.09805404
30.030111,26.837799,38.183971,31.2264,0.81778818,571.24538,-0.061625929
30.693254,27.663673,38.909088,32.009064,0.82266292,522.71367,-0.055327125
31.473526,29.128721,36.53101,35.780834,0.97946468,376.8129,0.012585728
30.069747,27.056488,36.077332,33.082638,0.91699237,532.21174,-0.11917083
28.94628,26.484952,35.829411,30.891212,0.86217471,438.70757,-0.19104802
32.723439,29.773348,37.906006,37.275883,0.9833767,469.67932,0.079986404
31.075517,28.209012,39.172806,32.583637,0.83179226,482.49224,0.025355343
29.223386,26.312055,35.571949,31.699593,0.89114018,528.50678,-0.14942407
31.278429,28.436437,38.315075,33.719906,0.8800689,474.01202,0.024359709
30.840521,27.61074,37.722973,33.295666,0.88263632,561.05218,-0.025041374
31.601187,28.136323,40.735935,32.431519,0.79614029,593.009,-0.028697035
31.490796,28.208689,41.937031,31.334278,0.74717445,557.82971,0.056190463
30.940425,27.666307,37.639385,33.581833,0.8921993,568.11612,-0.056667974
31.345044,28.339752,37.262936,34.799599,0.9338931,504.99784,-0.0034218371
31.760398,29.408435,37.540806,35.460987,0.94459845,374.23452,0.037723072
30.843912,27.612375,39.546062,31.817957,0.80457966,561.34473,-0.014350212
32.17691,29.075046,39.200687,34.874165,0.88963148,508.25847,0.061339181
32.003031,28.43774,37.472382,36.067383,0.96250575,604.59453,0.016609288
32.516625,29.462666,40.448921,34.534882,0.85378994,492.83756,0.090348485
30.398202,27.035847,43.227371,28.452473,0.65820503,599.35937,-0.040404187
31.026172,28.209555,35.773129,35.506893,0.99255765,473.52806,-0.057908745
30.251066,27.183777,38.943886,31.085285,0.79820707,539.73569,-0.095753495
30.449624,27.604467,37.267242,32.854382,0.88158877,489.8588,-0.066891179
30.593155,27.483304,36.194946,34.12619,0.94284406,541.37385,-0.077463466
31.025993,27.681413,40.892948,31.175167,0.76236047,580.9584,-0.028503828
32.200608,28.566527,37.706749,36.287163,0.96235194,614.20703,0.085841054
31.352631,28.525429,36.728325,35.31768,0.96159245,469.8142,0.045761582
31.598201,29.258753,36.803371,35.798576,0.97269829,374.14274,-0.0018872619
31.061333,28.481304,38.516758,33.09045,0.85911826,426.956,-0.011365016
30.705993,27.737701,35.815308,34.738403,0.96993171,509.93218,-0.093339872
30.919997,28.687949,36.742508,34.341656,0.93465737,363.53158,-0.05005376
29.734952,26.699127,39.521893,29.641466,0.75000117,544.20499,-0.083414285
30.842444,27.705688,37.908607,33.140858,0.87423044,541.69688,-0.037416048
29.853155,26.900304,38.935417,30.297743,0.77815381,524.02069,-0.11628463
32.058142,28.422094,39.031246,34.766964,0.89074697,617.94558,0.016274135
33.03473,29.643664,38.164486,37.730881,0.98863852,547.75052,0.11058016
31.515194,28.955432,38.15863,34.363499,0.90054331,416.05158,0.028810973
29.932583,27.50844,40.02412,29.669977,0.74130242,414.65575,-0.080792578
30.723355,27.395113,39.486523,31.620581,0.80079426,584.41382,-0.046254867
29.405415,26.560895,35.715015,31.965593,0.89501833,510.34728,-0.14247579
31.406629,28.854921,38.497562,33.8363,0.87892059,416.19527,0.017513382
30.930916,27.574709,35.933746,35.132263,0.97769553,585.57023,-0.10291535
32.478704,28.901555,41.145103,33.892719,0.8237364,596.25613,0.060568623
30.303326,28.109358,36.507938,33.204773,0.90952201,364.74654,-0.099240937
31.561005,28.62178,37.661678,34.90913,0.92691382,487.94579,0.047101547
31.171088,28.74757,37.956596,33.800301,0.89049874,395.65255,0.027286635
30.379661,27.543816,35.972618,33.859875,0.94126802,489.29448,-0.049577896
31.379006,28.873802,41.463158,31.454306,0.75860855,407.88166,0.048164194
28.746382,25.865439,35.681328,30.594999,0.85745124,532.27729,-0.19169199
28.919169,26.404372,35.978298,30.710485,0.8535836,450.30336,-0.19421198
29.277404,26.935033,34.38472,32.896835,0.95672831,408.87635,-0.11839276
34.638311,31.961553,39.993038,39.586151,0.98982605,392.90373,0.15713611
30.614446,29.17334,36.834335,33.588966,0.91189283,226.2525,-0.017818061
29.945341,27.797387,37.532249,31.572886,0.8412202,360.91093,-0.044870402
30.489313,27.249959,38.204365,32.154289,0.84163914,570.86893,-0.077911494
30.07345,27.407796,37.02216,32.264671,0.87149618,460.46239,-0.13880677
30.35057,27.566091,38.218212,31.85622,0.83353507,479.42359,-0.082486027
31.166312,28.456933,36.066315,35.537411,0.98533524,450.14292,-0.0079507796
29.236017,26.925167,35.165588,32.0858,0.9124204,403.21025,-0.15036638
30.567257,28.104359,36.70026,33.606567,0.91570379,412.21531,-0.037279523
31.96564,28.184547,39.397625,34.255722,0.86948698,650.58745,0.046097518
29.548344,26.570183,36.711487,31.419691,0.85585449,535.8919,-0.1246688
31.460012,27.697171,37.285221,35.033001,0.93959483,659.55073,0.00064775839
30.341722,27.048896,38.237614,31.822405,0.83222779,585.68854,-0.099972121
30.594763,27.375615,37.516754,32.949333,0.8782565,564.23403,-0.061954028
30.396331,27.861327,39.095711,31.261433,0.79961285,428.95563,-0.051978866
30.069579,27.659919,36.09277,33.068367,0.91620474,409.64172,-0.11555072
31.330716,28.087187,36.740177,35.257236,0.95963708,553.34443,0.0048334811
30.059649,27.448964,35.974339,33.153679,0.92159244,449.64354,-0.12191243
30.067314,27.562547,42.72118,28.164396,0.65926072,428.40164,-0.057586464
29.620479,26.841514,35.038929,33.046066,0.94312432,492.21325,-0.11614794
30.810658,27.719643,36.364033,34.451275,0.94739973,532.93359,-0.0053284912
31.047328,28.604498,36.960072,34.422112,0.93133238,401.09924,0.0019661678
31.424233,28.445429,36.614796,35.587898,0.97195402,498.25111,0.02348365
32.716711,29.774944,39.868179,35.450649,0.88919659,468.24022,0.1104028
30.741358,28.202349,35.445824,35.179871,0.99249692,424.16375,-0.051267881
32.617605,30.47867,37.606407,37.329784,0.99264426,326.17514,0.11671667
32.057975,28.715952,37.029781,36.621464,0.98897328,557.99071,0.061336468
30.932028,28.309661,41.486397,30.573034,0.73694117,437.19534,-0.036752227
28.796941,26.214254,33.92379,32.259327,0.95093523,466.83692,-0.23563568
29.561805,26.427558,36.324493,31.773361,0.874709,569.43183,-0.10905798
30.962269,29.019334,35.665665,35.467281,0.99443768,310.48786,0.01126303
29.807585,26.934601,39.186031,30.024094,0.7661938,508.1586,-0.10776996
30.041541,27.211066,39.416668,30.315779,0.76911065,494.6877,-0.093190904
30.795737,28.168993,36.857639,33.963379,0.92147462,440.295,-0.054996282
31.557576,28.021246,37.142017,35.383831,0.95266315,608.9212,0.021159953
32.725953,30.44297,39.226883,36.038673,0.91872385,349.71369,0.076527911
30.012355,27.672337,38.411274,31.013119,0.80739626,396.93421,-0.049405469
31.720947,28.155984,38.283451,34.697895,0.90634188,611.07595,0.046962932
30.285294,27.300342,35.433044,34.158302,0.96402392,521.80698,-0.071450584
31.377596,28.419948,39.437695,32.993626,0.83660128,494.94268,-0.010064653
31.700503,28.515961,37.771694,35.115051,0.92966577,533.78411,0.061011324
31.713561,28.017819,38.947079,34.104343,0.87565856,638.77254,0.021834475
31.311812,28.967249,38.090965,33.985115,0.89220935,378.98848,-0.016293476
31.078203,27.977142,35.826969,35.572536,0.99289828,529.5129,-0.02916128
32.700005,28.791781,40.155132,35.168041,0.87580439,658.94149,0.063712291
29.316934,27.405139,34.858425,32.541981,0.93354708,324.13988,-0.10919698
32.343666,29.57191,37.595272,36.717186,0.97664371,442.70355,0.0052614807
30.839832,28.15374,37.841003,33.192966,0.8771693,451.14,-0.017201758
30.353067,27.106001,36.641605,33.193623,0.90589981,575.60844,-0.052004986
28.796941,26.120715,33.92379,32.259327,0.95093523,486.74914,-0.23563568
30.955437,27.754541,38.923439,32.536537,0.83591116,552.56127,-0.022531253
31.640966,29.842477,37.43877,35.291138,0.94263615,278.16954,0.047046155
31.350469,28.112637,36.612812,35.423435,0.96751473,551.7619,-0.012454533
32.388138,29.6958,37.537827,36.874126,0.98231914,427.34202,0.048148188
31.739168,28.155035,38.38792,34.644714,0.90249,614.65243,0.053322632
32.947912,29.525304,40.312794,35.560375,0.8821114,555.61399,0.074501438
29.845455,26.907007,38.154408,30.874168,0.80919007,521.14218,-0.057732319
32.081665,29.533671,37.125946,36.580784,0.98531588,405.44472,0.044946296
30.477473,27.876068,37.618172,32.614758,0.86699476,440.6507,-0.074570938
30.820061,28.047188,37.905743,33.095848,0.87310907,468.56589,-0.034924145
32.739302,29.623465,39.998375,35.386223,0.88469152,500.59896,0.092271795
29.731032,26.363668,38.011219,30.753405,0.80906127,616.88558,-0.082956612
29.959041,28.198693,36.553253,32.423042,0.88700839,288.5803,-0.11700933
34.000788,31.071453,46.141705,33.237076,0.72032613,445.45576,0.11816896
31.611964,29.125804,37.588917,35.087955,0.93346544,400.89619,0.027417589
30.392079,28.712179,36.028736,33.835255,0.93911857,269.72136,-0.11372502
31.696398,28.815188,37.287178,35.55669,0.95359027,474.25158,-0.019864672
30.693037,27.867366,35.421089,35.093903,0.99076296,481.3796,-0.019897012
30.499254,27.830181,38.177105,32.197109,0.84336172,453.64437,-0.060176636
31.39003,28.628781,38.731079,33.602654,0.86758889,456.38589,0.029445483
30.572333,27.399435,35.717369,34.531422,0.96679635,554.99773,-0.056698934
31.613717,28.181591,36.612698,36.019459,0.98379691,585.9484,-0.010919482
30.988855,27.612886,36.762997,34.474804,0.93775826,588.41158,0.027329268
31.73782,28.146729,37.836666,35.137611,0.92866562,616.13957,-0.016120707
31.244062,27.880259,36.4053,35.383434,0.97193085,580.06551,-0.033116191
33.522111,29.593385,42.333054,35.088039,0.82885678,643.23669,0.10748748
32.459398,29.045121,37.872623,36.710358,0.96931121,564.02206,0.12089152
30.585136,27.445625,42.341087,29.347572,0.69312278,547.72945,-0.0030144944
31.094613,27.702968,36.055401,35.385036,0.98140736,589.28557,-0.016934965
32.580978,29.061846,42.235893,33.257969,0.78743378,582.34314,0.098931977
30.412435,27.882448,36.871864,33.118408,0.89820271,427.71063,-0.060875495
30.036324,27.077106,40.742088,29.374851,0.72099523,521.55658,-0.050936536
30.196909,27.738576,35.916134,33.508266,0.9329586,417.15676,-0.11127394
30.691243,27.425415,37.687096,33.008781,0.87586427,571.92831,-0.048813412
29.372531,27.586715,34.651974,32.857021,0.94820056,299.73473,-0.16099189
31.308746,28.496616,40.428394,32.078674,0.79346892,467.64835,0.032532008
29.533042,26.849532,36.567848,31.507235,0.86161031,474.03396,-0.09260379
30.806369,27.714355,38.501419,32.570415,0.84595363,533.22747,-0.063450501
30.353257,27.394609,36.205856,33.586613,0.92765692,514.97622,-0.051498953
31.109314,28.528954,36.8927,34.62104,0.93842522,426.25739,-0.0022765025
31.364392,28.747465,37.107807,34.986115,0.94282357,429.18132,0.015840877
32.469739,29.413711,37.946632,36.662502,0.96615958,494.07177,0.087557417
32.28039,29.133007,40.873512,33.701916,0.82454172,515.14899,0.056419085
29.439002,27.578488,36.984985,30.968229,0.83731896,312.96151,-0.11741872
30.345371,28.386404,37.518936,32.419727,0.86408972,320.48943,-0.032184462
30.832618,28.316706,36.353058,34.510448,0.94931348,418.27436,-0.0093195172
30.207063,27.154983,36.297195,33.184132,0.91423406,537.47391,-0.064129198
31.277468,28.989416,36.567474,35.302635,0.96541082,369.06206,0.030599505
30.693254,28.005904,38.909088,32.009064,0.82266292,453.90062,-0.055327125
30.369495,27.597824,38.868671,31.381926,0.80738356,476.4858,-0.079697278
31.044822,27.974014,40.941483,31.176966,0.76150065,524.0381,0.0097497394
31.321066,29.31034,37.665817,34.380993,0.91279032,318.49679,0.042041599
30.961561,28.038001,38.072536,33.253948,0.87343664,495.96938,-0.035432973
30.842851,27.753373,37.142303,33.80991,0.91028039,531.95459,-0.030020376
29.56514,27.012999,38.5802,29.990332,0.77735035,446.46511,-0.072996416
30.979456,29.276052,37.13858,34.110752,0.91847217,268.16611,0.00228886
30.045481,27.253966,37.745445,31.607403,0.83738324,486.59666,-0.085000383
31.220233,27.659277,41.025772,31.459633,0.76682611,622.19772,0.0025219697
29.649586,27.25632,34.767876,33.366287,0.95968724,413.07205,-0.097237766
30.958955,28.632561,37.861362,33.429104,0.88293453,380.52832,0.051219378
30.21793,27.199268,40.169132,30.119177,0.74980901,530.23314,-0.082198106
31.910698,28.857947,39.003304,34.475742,0.8839185,503.67524,0.047685767
29.710857,26.775212,37.257832,31.309841,0.84035596,523.35651,-0.13283221
30.615738,28.105201,37.837502,32.721771,0.86479734,420.65751,-0.047852878
29.990432,28.292618,38.609997,30.816212,0.79814075,276.93316,-0.045200103
32.214023,29.161046,38.056843,35.986294,0.94559325,498.1174,0.037464816
32.457087,28.918822,40.490955,34.375931,0.84897802,588.88411,0.085638607
30.510806,28.18094,35.79884,34.315418,0.95856229,387.58074,-0.02457339
30.92739,27.600671,38.487415,32.834259,0.85311677,579.43638,0.014857983
29.868486,27.908058,35.698147,32.985897,0.92402267,326.50599,-0.11247746
30.081355,27.198951,37.033661,32.271652,0.87141404,504.63992,-0.11400105
30.726249,27.613721,37.173664,33.529476,0.90196855,539.12663,-0.073305938
33.284404,29.34332,41.342491,35.401287,0.85629303,651.40087,0.091467418
29.728549,26.656748,35.565605,32.799824,0.92223439,552.08062,-0.12954009
31.249275,28.228314,41.04425,31.503225,0.76754296,509.96235,-0.026446339
30.685322,28.03498,38.543346,32.28529,0.83763589,446.7602,-0.062752876
31.330726,27.649719,39.326828,32.986355,0.83877487,645.19747,0.0030825121
29.556959,26.808398,37.655231,30.677269,0.81468811,487.10448,-0.087817374
31.592988,28.211786,37.618465,35.018993,0.93089904,575.91546,0.026414652
29.094606,26.219064,37.132992,30.145264,0.81181888,523.52682,-0.19462711
30.609481,27.554434,38.198338,32.408981,0.84843956,529.66916,-0.067752318
30.355231,27.1365,37.260948,32.658955,0.87649286,569.50928,-0.09412413
30.716888,28.769887,37.09491,33.578968,0.90521767,313.99348,-0.043686037
32.275107,29.414763,38.37455,35.826679,0.93360519,460.37564,0.055300423
31.242331,28.094854,44.502865,29.197136,0.65607318,535.60355,0.0028484604
31.573201,28.165322,39.803665,33.102673,0.83164887,581.84762,0.010909516
29.316934,27.321729,34.858425,32.541981,0.93354708,340.08415,-0.10919698
32.289656,29.525948,39.445969,34.90287,0.88482729,442.06756,0.063431916
31.188757,27.805831,39.813042,32.309341,0.81152656,585.30665,-0.014837609
33.323827,29.365158,43.834755,33.546883,0.76530331,654.02766,0.12172487
31.007109,28.220156,37.478249,33.867104,0.90364691,468.02525,-0.050826487
29.375164,27.171589,33.952095,33.535851,0.98774026,379.77979,-0.10407897
29.914852,27.523069,38.089977,31.065323,0.81557736,408.56428,-0.11666354
33.850518,29.747905,39.127651,38.642235,0.98759404,670.40324,0.15723302
31.050966,28.818857,36.682384,34.687466,0.94561646,361.80271,-0.080563923
29.658522,26.900734,36.237282,32.053978,0.88455801,487.05924,-0.14218579
33.060213,29.196704,38.225552,37.728821,0.98700526,640.97791,0.10432336
29.782824,26.970475,34.501053,33.92482,0.9832981,495.98835,-0.10486775
31.934968,29.689006,37.222462,36.15416,0.97129953,352.93983,0.014732534
29.463556,26.61901,37.963165,30.250835,0.79684702,509.15953,-0.040769821
31.060429,28.455424,37.364281,34.084232,0.91221432,431.76064,-0.063864178
31.11673,27.764827,36.389927,35.111267,0.96486225,580.44386,-0.022901618
30.628124,28.413574,38.20158,32.445171,0.8493149,364.19859,-0.027979878
30.295715,27.359371,37.41272,32.404346,0.86613179,511.52448,-0.080094692
31.225096,27.888216,37.266769,34.532173,0.92662106,574.88656,-0.051475569
30.943212,27.964812,36.787094,34.351772,0.93379955,507.34323,0.012286473
32.696773,29.467415,37.826839,37.292896,0.98588455,523.10269,0.087192411
29.142579,26.774899,35.185696,31.865088,0.9056262,416.1792,-0.19230737
32.449247,29.596651,38.017952,36.548225,0.96134124,456.04498,0.087009653
31.470406,28.272283,36.456421,35.846672,0.98327458,541.19138,0.075244002
33.032742,29.661743,41.551208,34.707237,0.83528828,543.91218,0.096131949
32.213047,28.844588,41.8325,32.827267,0.78473118,560.04096,0.066222749
32.715419,28.971581,40.070007,35.27364,0.88030032,624.71369,0.074039105
31.527485,27.836069,39.690571,33.099274,0.83393293,642.4792,0.015965258
30.651211,28.188,36.052818,34.388763,0.95384397,410.97513,-0.0292888
32.178438,29.975339,37.8545,36.097195,0.95357738,342.38784,0.086467078
30.57162,28.483918,36.267841,34.010799,0.9377674,341.39439,-0.051276088
31.158056,27.935957,37.073673,34.561611,0.93224135,552.61298,-0.019210206
32.069252,29.16205,38.56472,35.20303,0.91282991,472.74441,0.058038247
32.41733,29.305635,40.3354,34.421158,0.85337341,505.68936,0.0192843
31.697091,28.452575,43.581573,30.608717,0.70233163,545.8887,0.012073675
32.536551,29.364002,37.455101,37.294472,0.99571143,515.18574,-0.0085082178
29.922677,27.166136,38.374249,30.860439,0.80419656,481.74774,-0.081028616
34.009826,30.065351,41.392937,36.896198,0.89136458,635.0465,0.1743581
29.914852,27.520821,38.089977,31.065323,0.81557736,409.00638,-0.11666354
31.709079,29.354556,40.458843,32.86269,0.81224987,375.38974,0.019754132
29.968906,26.982681,38.302143,31.009699,0.80960742,528.63812,-0.022094752
30.360658,27.907266,37.084,32.822464,0.88508424,413.60228,-0.05728232
30.744843,28.821582,35.637974,34.9986,0.98205919,309.4046,-0.03924941
32.108355,29.338634,40.878819,33.346397,0.81573778,446.09838,0.083512803
31.275135,28.639875,40.643719,31.849649,0.78363028,434.09887,-0.01279732
32.022632,28.96545,37.371845,36.207893,0.96885484,502.45463,0.023250271
29.556068,26.370573,36.981495,31.213642,0.84403408,580.82012,-0.090829488
31.527308,28.160916,37.578949,34.910728,0.92899692,574.31367,0.0037713306
31.1932,28.919493,37.589252,34.171608,0.90907922,367.55803,0.028215793
33.603148,30.098282,43.150944,34.612671,0.8021301,558.32733,0.13013854
31.025993,27.676564,40.892948,31.175167,0.76236047,581.97642,-0.028503828
29.052019,26.601844,36.198643,30.806103,0.85102922,434.55868,-0.17061602
30.382228,28.644927,35.081966,34.719196,0.98965936,280.01505,-0.087018187
29.982116,26.827756,35.100784,33.794884,0.9627957,564.16397,-0.08395841
30.601666,27.177528,38.088306,32.483299,0.85284179,607.8248,-0.0512835
32.931373,30.102948,38.671555,37.006847,0.95695265,443.8536,0.11498417
30.176623,27.453954,38.640671,31.168049,0.80661252,470.12021,-0.048877068
30.092026,28.207108,37.027668,32.299328,0.87230252,309.8624,-0.059041428
30.174395,27.388779,36.824543,32.64872,0.88660218,482.94762,-0.035704665
31.770203,28.190316,43.364426,30.889112,0.71231456,613.03402,0.04220317
30.369534,28.202399,36.967361,32.942623,0.89112726,358.79857,-0.071731427
30.436512,28.358397,37.710106,32.451393,0.86054897,341.32769,-0.022127082
31.089796,28.240514,36.825199,34.640476,0.94067315,478.82811,0.029221073
29.807091,27.614146,36.058327,32.529385,0.9021324,371.46158,-0.12471228
31.046955,29.176757,37.70314,33.754997,0.89528344,296.65892,0.0055773917
29.885682,26.875383,36.954544,31.925285,0.86390689,535.49643,-0.11663516
30.716888,28.325072,37.09491,33.578968,0.90521767,396.33865,-0.043686037
30.299476,27.257425,41.558422,29.325758,0.70565138,533.41856,-0.063242329
30.524702,27.796749,35.799969,34.345478,0.95937172,464.90337,-0.072351638
30.085212,27.391453,35.629299,33.52673,0.94098764,465.93205,-0.11441804
31.529455,28.364375,39.093231,33.592495,0.85929186,533.32615,0.0069841616
30.65794,28.661202,35.693115,34.747944,0.97351951,323.68434,-0.041415867
30.792516,27.49536,38.182796,32.804592,0.85914588,576.25796,-0.013913132
30.932028,27.546209,41.486397,30.573034,0.73694117,591.8061,-0.036752227
31.589533,28.385844,37.252716,35.350868,0.9489474,539.87392,0.035110803
32.115055,30.049632,39.437683,34.538208,0.87576666,319.14129,0.049369453
29.600765,26.971434,35.974564,32.158459,0.89392213,461.60589,-0.12832534
29.552111,28.046994,36.546143,31.565535,0.86371727,246.54153,-0.096473045
30.404359,27.596593,41.055008,29.861322,0.72734907,483.13381,-0.042208493
29.553267,27.403742,37.877995,30.496794,0.80513221,366.65705,-0.12340585
30.912449,28.398578,35.680874,35.338276,0.99039827,416.63774,0.0043057198
31.070506,27.996062,37.844204,33.682461,0.89002958,524.26018,-0.055074592
31.047328,27.568582,36.960072,34.422112,0.93133238,608.8347,0.0019661678
33.247805,29.751457,38.928261,37.471798,0.96258597,563.8556,0.11932099
31.16831,27.974869,40.872932,31.469004,0.76992284,546.51374,-0.02112236
29.969194,27.673172,38.837006,30.601784,0.78795425,389.0372,-0.06323107
30.298832,28.354908,37.171436,32.615601,0.87743721,318.28089,-0.049876839
31.071684,28.809698,37.985081,33.563015,0.88358414,367.02982,-0.068655444
31.252609,29.020919,36.547329,35.266029,0.96494135,359.07932,-0.017211919
31.525429,28.098067,38.934837,33.716686,0.86597733,586.94718,0.015747354
31.283387,27.908994,39.173008,33.013184,0.84275336,581.38857,0.01110946
30.001758,26.891684,39.256016,30.355057,0.77325873,554.22613,-0.12823275
32.713718,29.574088,39.379196,35.87513,0.91101733,505.59118,0.091893341
31.449776,28.530307,38.426929,33.988991,0.88450969,486.10301,0.017756811
30.862968,27.385029,38.286453,32.86607,0.85842556,613.0941,-0.021309055
32.095848,29.01498,37.353752,36.39069,0.9742178,505.69536,0.034939189
29.625269,27.237221,35.672348,32.478493,0.91046693,412.42381,-0.089756228
30.382228,28.186697,35.081966,34.719196,0.98965936,363.96521,-0.087018187
32.621343,29.848157,38.238972,36.723576,0.96037038,438.59084,0.052108403
31.487728,28.652046,37.491688,34.903641,0.93097011,469.09672,0.0089646117
32.403399,29.681271,37.798283,36.655701,0.96977159,432.58756,0.0555977
30.890105,28.641556,37.052849,33.993073,0.9174213,366.98924,-0.087403429
32.177912,29.632734,39.77721,34.383812,0.86440985,403.53782,0.045747234
30.367156,27.456142,35.720318,34.068546,0.95375819,504.89121,-0.030759104
31.105261,29.789655,36.105221,35.360558,0.9793752,201.51599,-0.0360714
29.883891,26.840666,36.099285,32.659187,0.90470454,542.54001,-0.1146253
29.478276,26.572813,36.00642,31.868357,0.8850743,521.81816,-0.11949552
29.368399,26.589413,38.283947,29.820017,0.778917,497.2072,-0.13684206
29.341708,26.144507,34.752514,32.694706,0.94078679,588.56198,-0.15442091
29.807091,26.942295,36.058327,32.529385,0.9021324,506.45403,-0.12471228
31.809615,29.231113,38.254009,34.916664,0.91275829,415.09087,0.035259732
30.121914,27.726326,36.890419,32.47995,0.88044405,406.07662,-0.09053865
31.223646,28.148426,41.387016,31.206175,0.75400882,521.36014,0.050841406
30.832618,27.631558,36.353058,34.510448,0.94931348,555.23681,-0.0093195172
31.997119,28.917008,39.282196,34.420467,0.87623581,507.39575,0.040482943
30.355568,27.330056,42.186584,29.022491,0.68795546,528.79587,-0.007932002
30.071248,27.29661,35.248692,33.85379,0.96042684,482.6496,-0.06726603
32.421305,29.86987,39.471497,35.162472,0.89083198,401.18941,0.081893861
30.73879,27.5635,36.701954,33.980145,0.92584022,551.89338,-0.072412815
32.342873,29.000116,37.31039,36.994823,0.99154211,552.24325,0.043544993
29.780592,26.833185,37.856197,30.975197,0.81823319,524.38752,-0.079494297
30.545342,27.226876,38.251835,32.23188,0.84262311,586.44601,-0.040889562
32.056116,28.548634,38.673077,35.077751,0.90703284,591.52412,0.042159171
29.586484,27.558174,37.840233,30.593172,0.80848265,342.89702,-0.11425038
31.855072,28.286263,39.643864,33.817486,0.85303204,608.74308,0.027649653
30.866118,27.380672,39.206112,32.127853,0.81946032,614.6312,-0.049434557
30.811518,28.854653,36.596592,34.236866,0.93552061,314.68864,0.011359463
32.260608,28.610957,39.155571,35.093277,0.89625246,616.01763,0.078542312
32.326654,29.69566,38.360134,35.953777,0.93726933,417.02477,0.070629982
33.620981,29.748443,40.488041,36.855122,0.9102718,629.69686,0.17526158
32.386213,28.457082,41.071632,33.761612,0.82201779,671.24626,0.045487133
30.966335,27.916524,36.25769,34.899815,0.96254932,521.34654,-0.075817318
29.87927,26.870733,35.002083,33.658237,0.96160668,535.25957,-0.072748275
32.39735,28.852477,37.558941,36.874401,0.98177425,591.53514,0.050487295
30.279234,28.312742,35.616535,33.970249,0.95377748,322.65742,-0.064404709
32.193038,28.980913,37.491516,36.477013,0.97294046,529.47827,0.040644926
31.903056,29.113736,42.269226,31.898293,0.75464578,453.15126,0.061316871
32.112368,28.629307,37.338764,36.442616,0.97599953,585.29742,0.035044137
30.42777,27.908209,38.480919,31.804897,0.82651085,425.4235,-0.060184321
30.118914,28.149468,34.668282,34.526985,0.99592431,325.1312,-0.12407217
31.503192,29.507592,36.434616,35.942719,0.98649919,313.77525,0.036319317
30.911978,28.111184,35.682137,35.335953,0.99029811,472.44849,-0.031436112
31.516464,28.510142,37.18502,35.251762,0.94800976,501.95371,0.012546244
28.935152,26.590787,36.021763,30.70797,0.85248382,414.85992,-0.17196018
29.801992,27.814953,35.533733,32.989941,0.92841191,332.32062,-0.11278796
30.839832,27.502092,37.841003,33.192966,0.8771693,583.75375,-0.017201758
30.157664,27.324878,37.686752,31.887775,0.84612691,492.9157,-0.065373182
30.496013,27.541238,37.428467,32.814938,0.87673743,511.32294,-0.035002893
32.003597,29.533498,38.565468,35.059696,0.90909557,392.34787,0.058674188
31.492438,28.715008,36.757172,35.604469,0.96864005,457.76578,0.0090437111
30.978433,27.538186,38.84267,32.649467,0.84055671,602.27438,-0.007572428
30.737392,27.648867,37.232178,33.501904,0.89981048,533.93551,-0.0017003508
30.198954,27.606015,38.91547,31.002258,0.79665639,443.69395,-0.041719245
32.364268,29.121224,39.769848,34.783958,0.8746314,532.18314,0.035485358
30.04657,28.045618,35.738827,33.340054,0.93288048,331.87397,-0.12413125
32.178438,29.124485,37.8545,36.097195,0.95357738,498.95649,0.086467078
29.712279,27.021876,37.942013,30.769136,0.8109516,472.10022,-0.10319047
30.797211,27.63702,35.61927,35.13612,0.98643571,547.50345,-0.043540908
30.646133,27.388178,38.980389,31.856649,0.8172481,571.27874,-0.064578166
31.771744,28.137992,37.685558,35.351505,0.93806505,624.27359,0.015700784
31.001545,27.861181,37.294559,34.01862,0.9121604,539.11629,-0.054137303
31.894319,28.463175,38.942524,34.49324,0.88574742,579.52121,-0.023021389
31.575789,28.809998,36.963226,35.594383,0.96296744,454.12467,0.054143426
30.864015,27.762359,38.193146,32.94619,0.86262048,534.01935,-0.022721871
30.722045,28.547509,37.402786,33.319489,0.89082907,355.50761,-0.069809835
32.139019,28.970729,42.395309,32.268021,0.76112244,521.93095,0.01227285
30.052965,27.117442,37.870777,31.521914,0.83235456,516.25893,-0.051398505
30.273738,28.020458,34.846741,34.70422,0.99591006,376.40539,-0.11894328
29.068605,26.824428,36.217255,30.825384,0.85112425,392.4692,-0.20442576
29.438169,27.182749,38.266914,29.971153,0.78321322,389.0531,-0.12246181
29.53276,26.736657,34.354755,33.500168,0.97512464,497.53587,-0.098843722
30.622826,27.671715,39.795933,31.185413,0.78363317,508.06706,-0.018918909
30.708091,27.249276,40.791382,30.628521,0.75085764,612.73328,-0.050894862
29.226198,26.987753,35.013954,32.200882,0.91965855,388.90708,-0.16174377
31.578499,28.667994,38.260254,34.410519,0.89938031,482.02555,0.028096824
29.886691,27.884532,36.427143,32.377548,0.88883029,334.098,-0.061344061
31.199758,29.138857,38.282654,33.580341,0.87716857,328.85117,0.02098227
31.592988,28.788847,37.618465,35.018993,0.93089904,461.19245,0.026414652
30.192501,27.864849,36.031151,33.393162,0.92678588,391.83427,-0.078590332
30.389108,27.505751,35.068222,34.748493,0.99088266,498.79774,-0.031772676
31.073048,27.682289,41.693348,30.700068,0.73633012,589.59419,-0.059528995
31.932016,28.674445,41.575424,32.460457,0.7807607,543.6928,0.037958237
30.369495,27.340076,38.868671,31.381926,0.80738356,529.32024,-0.079697278
31.380411,28.557173,38.445656,33.824997,0.87981324,468.55619,-0.0061127342
29.261738,26.65454,35.958061,31.448904,0.87459955,463.26382,-0.17002637
30.917438,27.584626,36.890163,34.200531,0.92709081,580.94462,-0.053687385
32.333732,29.175107,40.468174,34.137966,0.84357565,516.3211,0.085823543
32.422893,29.564287,44.789131,31.173063,0.69599616,457.60046,0.060929694
30.2639,28.011235,38.699802,31.298929,0.80876199,376.42794,-0.029862096
30.714842,28.111388,35.372643,35.191811,0.9948878,437.09778,-0.014669921
31.903856,28.25253,37.052406,36.248695,0.9783088,624.78893,0.03279053
30.911279,28.059858,36.70216,34.359653,0.93617523,482.50528,-0.0090979867
31.134206,28.174277,37.79425,33.862865,0.89597928,499.97042,-0.022887494
31.322011,28.697207,37.402176,34.621349,0.92565066,431.35328,-0.0072364547
30.639408,28.075192,37.018433,33.479111,0.90439028,430.69431,-0.060926754
31.921341,28.263353,38.910049,34.579178,0.88869531,625.76375,0.042044917
30.99027,28.794755,36.972637,34.285141,0.92731122,355.87371,-0.036464024
31.711321,28.468118,40.355892,32.947723,0.81642906,545.3314,0.012917365
31.125518,27.60073,37.857662,33.788738,0.89252046,616.77524,-0.0084205175
29.618122,27.202355,37.961746,30.563236,0.80510617,418.06613,-0.09805404
31.659637,27.922467,37.023464,35.725185,0.96493362,648.93602,0.040344979
32.499996,28.853899,39.592827,35.225613,0.88969684,609.76808,0.071272892
31.734738,28.758163,37.147785,35.775005,0.96304544,492.06761,-0.0072616484
30.770516,27.894064,40.26926,31.127464,0.77298326,490.12192,-0.027068726
30.435738,28.038735,41.430832,29.666569,0.71605052,401.54053,-0.0075995694
31.414827,28.100368,37.039177,35.162418,0.94933043,566.08812,-0.017205247
30.267577,27.897884,35.460316,34.092457,0.96142564,398.82129,-0.051405807
30.043068,27.283375,36.950275,32.261345,0.87310162,480.12381,-0.08557619
29.214381,27.092808,33.870445,33.250019,0.98168238,366.00931,-0.15855484
30.36222,27.253801,36.410465,33.420444,0.91788018,546.00247,-0.067447855
30.766302,27.554122,38.331043,32.626846,0.85118597,558.9965,-0.0092137524
30.108737,27.442824,36.95303,32.398319,0.87674323,459.88393,-0.035057112
30.273917,27.561633,35.574821,33.997826,0.95567103,466.25977,-0.090940578
31.339264,28.468117,37.479179,34.589104,0.92288852,478.63258,-0.021295613
30.134899,28.080959,35.559406,33.702293,0.94777435,340.65766,-0.10042347
30.727946,27.631694,36.048328,34.564659,0.95884222,535.72639,-0.068764626
30.823017,28.35594,40.042023,31.399788,0.78417087,409.07646,-0.029944537
30.943212,27.704497,36.787094,34.351772,0.93379955,560.67343,0.012286473
32.703822,29.066112,41.944794,33.725761,0.80405118,603.45431,0.072373231
33.166038,30.347542,39.239334,36.995834,0.94282523,438.41108,0.081113589
29.850945,26.791473,39.587021,29.820333,0.7532856,546.72894,-0.070117396
32.690077,29.122127,41.095222,34.367325,0.83628518,589.74194,0.06453371
31.250259,28.288685,38.125988,33.822788,0.88713211,498.10431,0.0090841244
31.187907,28.301163,38.032482,33.770412,0.88793605,484.44026,-0.061528125
31.217104,28.123892,37.607391,34.20731,0.90959009,525.12124,0.032627047
30.113857,28.132604,37.28299,32.130241,0.86179357,327.38142,-0.08565211
32.105593,29.306602,41.289471,33.02293,0.79979058,451.63894,0.067803374
30.271244,27.229954,36.983616,32.718174,0.88466671,533.8527,-0.036059773
30.583229,28.675704,35.321564,34.941479,0.98923929,308.389,-0.05469486
30.7533,28.226752,36.197266,34.480293,0.95256622,421.5693,-0.040247833
31.787251,28.419312,41.321808,32.361794,0.78316501,568.97258,0.017889045
30.835312,27.831954,40.719013,30.927794,0.75954184,514.51312,-0.037295365
32.278015,29.701318,38.240417,35.957153,0.94029186,407.83051,0.035637104
30.518474,28.059088,41.49456,29.780027,0.71768509,412.29596,-0.024572633
33.374577,29.530062,39.588421,37.133369,0.9379856,629.76875,0.083578299
33.860532,30.147395,39.474838,38.326408,0.97090729,593.11539,0.16987197
30.26806,27.871035,35.352757,34.196518,0.96729423,404.10166,-0.12383051
30.585318,27.551083,37.489201,32.952835,0.87899539,525.86891,-0.073619867
30.482977,27.271061,39.686344,30.989246,0.78085414,565.19276,-0.037740868
31.240366,27.955595,42.22644,30.653362,0.72592816,563.75779,0.018518883
31.096671,28.104893,42.877998,29.949305,0.69847722,507.06375,0.004104871
32.084449,30.56542,37.13232,36.580864,0.98514889,227.67353,0.10312741
33.592541,31.794286,40.539997,36.747131,0.90644138,260.37619,0.14075204
28.289993,25.784863,37.041939,28.604273,0.77221317,459.9384,-0.19071322
30.751196,27.218711,37.660572,33.158951,0.8804686,627.62974,-0.041795491
28.607676,25.88193,36.207539,29.879829,0.82523778,501.2775,-0.15152755
31.928182,28.424885,38.898041,34.604259,0.88961444,593.53868,0.032376551
30.961715,27.815601,37.134113,34.076054,0.91764826,541.12684,-0.035666774
30.345371,27.177428,37.518936,32.419727,0.86408972,558.93513,-0.032184462
33.00905,29.259494,39.735298,36.198471,0.9109903,619.08524,0.10100222
33.535529,30.067487,40.856518,36.346111,0.88960373,552.62929,0.14832133
30.253621,27.081166,39.812626,30.444178,0.76468651,561.93315,-0.06255401
31.207885,28.182915,39.546505,32.557606,0.82327392,511.56777,-0.027957923
30.559246,28.118059,37.049255,33.278812,0.89823161,408.157,-0.065119167
30.586737,28.12273,35.843292,34.44331,0.96094159,412.12652,-0.10919974
32.417833,29.431957,40.067165,34.645744,0.86469167,481.64831,0.089577068
31.094351,28.892109,37.237759,34.272121,0.92035939,355.75536,-0.0010018003
30.586662,28.333617,37.262108,33.151657,0.88968818,371.97777,-0.078177463
30.093121,27.416232,37.916264,31.568138,0.83257512,462.37828,-0.10510769
31.139637,28.86901,36.088467,35.454998,0.98244677,367.70967,-0.024832341
31.241922,28.426804,37.839142,34.055489,0.9000069,469.40391,0.004097703
31.156604,28.774416,40.609921,31.63949,0.7791074,388.14133,0.065610024
31.807251,28.192292,39.067326,34.200672,0.87542905,619.48609,0.040087849
29.856652,27.181304,38.878986,30.346525,0.78053797,466.35091,-0.11384566
29.556068,27.025488,36.981495,31.213642,0.84403408,442.23888,-0.090829488
30.848618,28.080129,38.367001,32.769146,0.85409714,467.1916,-0.0065756672
30.518846,28.616145,35.936569,34.203037,0.95176134,308.2429,-0.086255758
32.11102,28.444778,37.62693,36.162266,0.96107405,622.96245,0.07159301
30.722045,28.282973,37.402786,33.319489,0.89082907,405.2656,-0.069809835
28.58281,25.708008,35.912338,30.065128,0.83718103,534.55027,-0.19008197
29.8997,26.913546,36.963421,31.947357,0.86429654,530.08115,-0.069065531
31.397856,28.154332,36.593834,35.548584,0.97143644,551.92465,-0.026892027
30.31031,27.151797,38.991261,31.168232,0.79936456,557.71147,-0.12478494
29.098651,26.451593,37.023964,30.238707,0.81673337,474.66904,-0.13681547
30.61281,28.480219,38.628433,32.067322,0.83014815,349.16261,-0.033226787
29.081893,26.468641,37.540958,29.806112,0.79396248,467.88662,-0.12592929
31.883374,28.619684,38.897049,34.509193,0.88719309,545.90998,0.038946688
30.379675,28.059942,36.503258,33.374969,0.9143011,387.55795,-0.071685323
29.837492,27.232642,37.63409,31.267984,0.83084204,452.36641,-0.1122802
31.651263,27.795895,36.818336,35.904068,0.97516813,674.58026,0.017321868
31.616191,28.980325,44.104366,30.122261,0.68297685,428.79136,0.033159289
30.313056,27.300268,40.111252,30.345219,0.75652635,527.02714,-0.079953724
30.647771,28.946229,40.497505,30.720903,0.75858755,271.03973,-0.01464955
31.320068,28.776697,36.05862,35.896221,0.99549625,415.94936,0.011060737
32.248857,29.141977,37.42662,36.666477,0.97968978,507.88665,0.081898837
32.266227,28.886491,43.01601,32.073235,0.74561158,561.18148,0.068563049
32.70994,30.098333,38.624233,36.557568,0.94649305,407.90795,0.10880144
31.61796,28.366564,38.041824,34.689899,0.91188843,548.9156,-0.029493543
30.998308,28.604512,38.314388,33.127235,0.86461605,392.58949,0.0075043818
29.980787,27.118847,37.592175,31.59767,0.84053849,502.39064,-0.073519445
32.484352,28.957754,40.495403,34.429123,0.85019831,585.93865,0.065579671
30.400311,27.150564,37.496475,32.554497,0.86820153,575.10171,-0.080276193
31.894568,30.111857,38.349884,35.015553,0.91305499,273.05774,0.036774197
30.801644,27.351971,37.790157,33.155273,0.87735208,608.50291,-0.044709748
30.977312,28.617941,35.713459,35.454281,0.99274285,386.43461,-0.0010158205
30.445114,27.220273,36.355053,33.652088,0.92565091,568.78238,-0.023313117
32.033671,29.24207,38.838696,34.882793,0.89814532,451.42796,0.032747534
30.329347,27.454613,34.925907,34.752892,0.99504623,498.19322,-0.058377481
30.130322,27.753009,37.924381,31.638308,0.83424718,402.38877,-0.12333101
30.475393,28.006765,39.940594,30.786718,0.77081272,414.75727,-0.077908107
31.370911,28.742865,36.861137,35.232372,0.95581349,431.19052,-0.05422185
30.278958,27.983336,40.642342,29.905472,0.73582059,384.41285,-0.032955519
29.400975,26.932784,35.424744,32.212532,0.90932293,432.24006,-0.10670048
33.147782,30.355948,39.655598,36.572834,0.92226157,433.87955,0.076510284
29.453084,26.528993,34.737789,32.95578,0.94870114,526.33609,-0.1420304
31.40725,29.067404,37.006084,35.176651,0.95056399,376.809,-0.03494631
31.006806,28.837039,37.964031,33.442802,0.88090756,350.9412,-0.069568474
30.44335,27.936118,36.180492,33.808216,0.93443218,422.76699,-0.079012901
29.968906,27.628334,38.302143,31.009699,0.80960742,397.70232,-0.022094752
29.213848,26.576307,35.466396,31.771315,0.89581459,470.48347,-0.18740359
32.146133,28.661099,40.880978,33.421661,0.81753575,584.95434,0.045923845
30.41987,27.389673,41.678944,29.471697,0.70711237,528.43764,-0.012957433
30.720595,28.610408,38.855904,32.107269,0.82631636,343.65542,-0.055907364
30.95713,27.715018,37.674049,33.587463,0.89152783,561.07714,-0.056371514
32.436014,30.36812,38.393124,36.165218,0.94197122,316.03112,0.08863953
29.777256,27.332856,35.444386,33.017418,0.93152744,421.17892,-0.11370151
30.894748,28.596859,35.982452,35.003147,0.97278382,376.10457,0.0099292124
31.295074,29.743585,36.271057,35.629578,0.9823143,239.38507,-3.8820424e-05
31.938707,28.384471,38.06395,35.371189,0.92925692,603.79112,0.051259915
32.727933,29.747662,43.092316,32.916985,0.76387134,475.24231,0.1015356
29.866999,28.190493,34.96376,33.667282,0.96291938,274.34421,-0.10199649
31.459917,29.094665,43.84309,30.000813,0.68427688,380.75137,-0.0095150702
31.885219,28.587514,43.800816,30.816229,0.70355376,552.69522,0.017934309
30.28386,26.915067,37.427849,32.366634,0.86477409,603.51097,-0.096661607
31.710913,28.287576,39.672424,33.493645,0.84425507,581.96959,0.025778362
30.849148,28.572502,37.636501,33.388763,0.88713781,372.77276,-0.087227053
30.643216,27.376766,39.591991,31.379375,0.79256875,573.14091,-0.074702797
31.324797,27.867643,38.125378,33.982983,0.89134809,597.7445,0.030274229
30.129903,26.742128,36.407619,32.918159,0.90415578,611.4324,-0.088827783
30.038757,27.607258,36.85535,32.333092,0.87729711,414.41155,-0.0681323
31.388194,28.247092,39.150944,33.249222,0.84925722,531.34892,0.0037580154
30.806019,27.615904,38.313221,32.724556,0.85413221,553.53275,-0.04586621
31.625156,27.954387,42.089939,31.486334,0.74807269,635.65551,0.062493919
31.074904,28.384213,37.043144,34.406628,0.9288258,448.0589,-0.030508171
29.544035,27.701985,37.461597,30.803185,0.82226033,308.26596,-0.098950509
32.19489,28.436053,39.250313,34.869579,0.88838983,640.23605,0.070557657
30.709513,27.280288,41.679085,30.017099,0.72019573,606.32261,-0.0089791016
31.773314,29.076636,38.348217,34.753784,0.90626858,437.75839,0.0095717632
31.294769,28.235661,38.517078,33.582268,0.87187995,516.71746,-0.023382595
32.444144,29.768251,37.622974,36.918095,0.98126467,423.47707,0.071105339
29.777395,26.75165,36.718212,31.895836,0.86866528,541.12113,-0.10850291
30.034661,27.424181,35.501965,33.533257,0.94454651,450.03812,-0.1116639
30.274639,27.896007,35.469536,34.09951,0.96137457,400.44149,-0.041385774
28.560603,25.922154,34.76469,30.981079,0.89116512,483.33842,-0.18935748
29.969169,27.786947,42.218307,28.295328,0.67021465,367.12504,-0.099390091
31.285161,28.35797,38.563637,33.522518,0.86927792,490.64153,-0.011602648
31.910087,28.971377,39.184811,34.318771,0.87581821,481.57132,0.012700553
30.893858,27.850796,36.991989,34.056267,0.92063898,521.42586,-0.0047585139
31.115901,28.93929,36.278305,35.216721,0.97073777,350.79722,-0.024894639
31.773314,28.532884,38.348217,34.753784,0.90626858,543.502,0.0095717632
30.714842,28.472086,35.372643,35.191811,0.9948878,368.28916,-0.014669921
29.897403,26.862012,37.160812,31.77788,0.85514493,540.57867,-0.077603705
30.811715,27.444531,36.684711,34.156185,0.93107412,590.64428,-0.043086978
32.315496,29.029193,37.666859,36.584129,0.9712551,541.64441,0.031808928
29.586423,27.050941,38.714401,29.933485,0.77318735,442.70631,-0.098886709
30.781686,28.206984,36.287895,34.458244,0.94957958,430.4191,-0.003753307
29.684348,27.575104,35.456524,32.802151,0.92513725,357.07169,-0.14190373
31.621312,28.641947,38.699268,34.120323,0.88167877,494.69679,0.02176848
31.908304,28.389102,37.516647,35.813133,0.95459312,597.2601,0.042850642
29.663595,26.890732,35.444927,32.767208,0.9244541,490.09851,-0.13085177
30.871941,27.393072,36.184776,34.757549,0.96055725,613.0768,-0.066026281
31.252914,27.981303,38.211071,33.754951,0.88338144,560.77239,0.023270384
29.552111,27.662231,36.546143,31.565535,0.86371727,317.12828,-0.096473045
28.98145,26.109436,36.962746,30.048153,0.81293075,525.19243,-0.11149625
31.326161,28.376142,37.902542,34.181396,0.90182331,494.39281,-0.051766909
30.994062,28.174802,36.502079,34.73003,0.95145348,474.62544,-0.062407458
31.056898,27.692089,37.782715,33.706821,0.89212279,584.50506,-0.053933914
31.027072,28.691948,42.493023,30.071772,0.70768728,381.20126,-0.029126252
29.813373,27.944341,36.07386,32.529232,0.90173971,310.15288,-0.13624516
29.298343,26.790092,39.192291,29.029961,0.7407059,442.18479,-0.16933859
31.923003,28.411176,40.696659,33.111805,0.81362465,595.40892,0.066581101
30.358143,27.90976,36.571682,33.266888,0.90963517,412.66844,-0.074424496
31.230683,28.689786,36.165897,35.586182,0.98397067,416.85468,-0.023267589
31.191006,27.955858,40.8176,31.554268,0.77305545,554.59501,-0.0062798113
30.299818,27.602191,36.150661,33.519672,0.92722155,462.84986,-0.0030569365
30.880339,28.05644,35.947521,35.004391,0.9737637,477.59877,-0.039635738
31.425127,29.341977,36.274204,35.922806,0.99031273,330.16194,-0.01506448
29.657433,27.288178,34.711071,33.438087,0.96332628,408.17844,-0.119812
30.243966,27.522643,35.779522,33.738815,0.94296439,468.62263,-0.086749068
29.757331,27.106442,36.040585,32.437614,0.90003017,463.16862,-0.1416916
32.077376,28.718525,38.240261,35.514648,0.928724,560.95998,0.053749373
31.224087,28.085292,37.69957,34.140396,0.90559112,534.213,0.049743469
32.547765,29.048162,39.72731,35.211231,0.88632306,579.15399,0.048357041
31.333125,27.765282,40.401657,32.147842,0.79570603,620.92456,0.024244915
29.164398,26.765111,35.044315,32.038708,0.91423411,422.23547,-0.18178723
30.290672,27.636393,35.55405,34.055012,0.95783777,454.33521,-0.055053069
32.144729,28.437648,37.294746,36.558849,0.98026808,630.65065,0.046051252
30.767865,27.3564,35.762253,34.929623,0.97671763,601.11846,-0.074150815
29.884982,27.112164,39.853931,29.697445,0.74515723,485.81582,-0.12316187
30.450147,28.168632,35.300953,34.658653,0.98180502,379.26755,-0.1225531
29.810426,27.052063,35.249454,33.271194,0.94387828,484.25805,-0.107055
30.68856,27.392199,36.67942,33.890526,0.9239657,578.44667,-0.029660408
30.673564,28.035279,41.827751,29.849442,0.71362771,444.59446,-0.022912329
31.453913,28.322632,38.017632,34.355713,0.9036784,528.05233,-0.025038933
31.35572,28.603636,37.747761,34.382984,0.91086155,455.19911,0.005578133
30.956161,27.877743,44.399876,28.747213,0.64746156,527.37645,-0.029004444
32.161458,29.757647,37.777405,36.132198,0.95644997,378.20382,0.021193926
30.672861,27.327981,39.066208,31.843815,0.81512429,589.12287,-0.025572802
29.092626,27.520929,35.170864,31.770151,0.9033088,263.01109,-0.16210201
30.01747,28.111267,36.698212,32.42263,0.88349345,314.64576,-0.10279071
30.401235,28.388433,39.088348,31.276937,0.80016011,329.70649,-0.088850703
33.539498,30.156752,40.525799,36.644894,0.90423619,536.33065,0.13297909
32.004938,28.77326,40.036404,33.807354,0.84441535,537.06573,0.040753402
30.605741,28.277211,36.433014,33.933788,0.93140216,385.95329,-0.049737717
31.289624,27.870339,38.0495,33.97366,0.89288059,590.61778,-0.030580511
32.469766,28.639686,38.906727,35.768372,0.91933644,648.36987,0.10818945
31.380803,29.153533,41.843952,31.187233,0.74532236,356.61504,-0.010607774
31.882153,28.401219,40.081497,33.516392,0.83620609,589.98101,0.10940395
31.464933,28.017335,38.434879,34.014496,0.88499032,592.52405,0.027403924
31.950178,28.259966,40.477131,33.339928,0.8236732,631.8177,0.051499811
32.966212,29.873857,38.51683,37.2327,0.96666055,492.11899,0.0904593
32.084449,28.77829,37.13232,36.580864,0.98514889,550.26986,0.10312741
31.534909,28.549371,37.62191,34.888145,0.92733583,497.51145,-0.0082119611
31.803474,28.326327,39.802917,33.579422,0.84364224,590.9698,-0.0055052736
31.099321,28.24151,36.295364,35.162884,0.96879822,480.33977,-0.01162761
31.487311,27.969401,37.242661,35.133083,0.94335587,606.70679,-0.0126597
31.426922,29.046905,37.322083,34.925724,0.93579246,383.92651,0.020761717
29.974728,27.232662,36.304047,32.67445,0.90002225,477.79974,-0.10740488
32.900542,29.102619,41.829155,34.214821,0.81796587,631.39938,0.10135297
30.586968,28.013702,39.148239,31.605696,0.80733379,433.31604,-0.032762044
31.219018,28.493144,36.256573,35.471058,0.97833455,452.44681,-0.004824846
30.552821,27.911413,36.71159,33.56493,0.91428701,447.25497,-0.098911487
31.047328,27.587454,36.960072,34.422112,0.93133238,604.81833,0.0019661678
32.556548,29.696365,38.85223,36.007935,0.92679198,455.70161,0.096139611
31.593498,28.219853,40.583496,32.532509,0.80161919,574.35186,0.022107503
31.335962,28.559509,37.324909,34.722637,0.93028055,460.2478,-0.0087772836
30.628995,27.403776,39.634937,31.318495,0.79017396,564.75419,-0.02887378
31.548278,28.604411,46.968979,28.31743,0.60289644,489.08607,0.003083623
31.382479,27.986213,36.843235,35.275227,0.95744109,583.71162,0.0096313611
31.7036,28.169373,38.240791,34.698238,0.90736193,605.0722,0.043786697
31.239768,27.997667,42.062241,30.764585,0.73140623,554.98427,0.0071714892
30.844069,28.538705,38.208553,32.891365,0.86083776,378.20722,0.00103424
30.264221,27.432255,38.074471,31.793758,0.83504136,490.70253,-0.055099549
31.903056,29.049789,42.269226,31.898293,0.75464578,465.31034,0.061316871
31.480425,29.566449,37.485981,34.892803,0.93082273,299.73504,0.013046073
29.498473,26.722044,38.319107,30.052109,0.78425912,494.08332,-0.090857458
31.185231,27.705967,38.480007,33.38205,0.86751673,605.66987,-0.019921026
32.679245,29.258744,38.297588,36.797581,0.96083286,560.68954,0.10884135
31.697928,29.433327,36.540203,36.283058,0.99296268,359.27944,0.030724345
31.193429,28.046027,40.440224,31.839291,0.78731737,536.59056,0.0074730579
30.406928,28.123627,37.877583,32.250458,0.85143917,380.2221,-0.032431987
30.906593,28.051197,36.322445,34.70438,0.95545275,483.38278,-0.022167953
31.18027,27.728934,39.548492,32.499542,0.82176438,599.88204,-0.019137844
33.243834,30.07964,39.792892,36.658512,0.92123267,500.66285,0.14896396
31.436481,28.163124,37.245304,35.017963,0.94019807,557.19842,0.010320769
31.925834,28.29591,42.719578,31.624664,0.74028503,619.79651,0.053984732
31.229216,28.090148,39.645878,32.52269,0.82032967,534.16377,0.016809308
32.682499,29.028674,42.330227,33.389614,0.78878892,607.18862,0.092862419
29.439002,26.676874,36.984985,30.968229,0.83731896,492.25329,-0.11741872
30.839832,28.937052,37.841003,33.192966,0.8771693,304.68063,-0.017201758
30.618087,27.418248,37.543423,32.976105,0.87834572,559.65485,-0.022660616
30.805516,28.680529,36.055836,34.731522,0.96327047,345.29967,-0.053710985
30.338376,27.919594,35.580235,34.136978,0.95943655,407.23428,-0.061353774
31.928182,28.359082,38.898041,34.604259,0.88961444,607.10698,0.032376551
30.398764,27.868641,39.219162,31.172247,0.79482185,427.95979,-0.013046435
30.107058,27.37382,34.90662,34.264809,0.98161349,473.54013,-0.078773174
30.411497,28.478743,36.454445,33.488327,0.91863494,314.92455,-0.046172841
31.17602,27.885583,39.422596,32.590679,0.82670048,566.33102,-0.046733489
32.39735,28.530949,37.558941,36.874401,0.98177425,657.75585,0.050487295
31.100804,28.379492,38.245457,33.402058,0.87336015,453.5661,-0.017885101
30.612419,27.231561,36.058792,34.296566,0.95112909,598.24383,-0.07968629
31.737422,28.477813,40.609833,32.802879,0.80775705,548.09553,-0.013897198
29.469816,26.726322,36.179432,31.701796,0.87623808,487.74027,-0.13700507
30.247399,27.223738,35.453571,34.053623,0.9605132,530.6631,-0.11803026
33.141506,30.661798,40.670956,35.66534,0.87692406,378.66458,0.10257161
31.454868,28.842827,39.991478,32.71114,0.81795276,426.82824,0.002873889
29.778437,26.792304,38.439671,30.520332,0.79398005,532.65129,-0.1278061
30.774383,27.825227,35.772831,34.934105,0.97655411,504.70992,-0.049522198
29.109303,27.771906,35.817726,31.245132,0.87233712,220.36977,-0.12845245
32.184098,28.452189,39.001926,35.063446,0.89901832,634.8762,0.056684582
30.429865,28.180176,39.715782,30.862183,0.77707605,373.52638,-0.024741442
30.637899,27.745967,38.502274,32.220448,0.83684533,495.75348,-0.060895179
30.285241,27.621076,38.176594,31.75502,0.8317929,456.40584,-0.072605852
31.885178,28.001979,40.651234,33.070389,0.81351501,674.43792,0.004160709
29.87556,27.809966,35.172787,33.488033,0.95210064,346.19966,-0.10039112
30.482174,27.277872,36.505394,33.596691,0.92032128,563.5993,-0.074770397
29.380833,27.544065,34.467209,33.050068,0.95888437,309.18518,-0.20099818
31.48684,29.191474,37.490925,34.902386,0.93095558,367.60442,0.0066639555
30.463694,27.730451,40.840164,30.122696,0.73757529,467.05119,-0.096609039
32.618722,29.797136,37.968033,36.977959,0.97392348,447.54528,0.05111275
32.287334,28.299082,38.833092,35.436939,0.91254487,686.38544,0.071520662
30.072016,27.267614,36.351898,32.842312,0.90345522,488.73469,-0.10227053
30.534151,27.422487,36.835815,33.413334,0.90708822,543.00328,-0.049797533
30.411346,27.562141,37.285679,32.757072,0.87854299,491.40838,-0.057044318
30.511478,27.606929,41.371113,29.85001,0.72151818,500.74921,-0.030752119
30.174395,27.523941,36.824543,32.64872,0.88660218,455.61139,-0.035704665
31.60496,28.477451,38.947205,33.874176,0.86974601,524.29628,0.0065537397
33.292654,29.415705,39.50032,37.033817,0.93755739,638.20444,0.13237423
32.170231,28.743286,37.363895,36.549274,0.97819764,572.68148,0.076557098
29.469816,26.65656,36.179432,31.701796,0.87623808,502.41016,-0.13700507
33.821868,30.0007,40.818172,36.996731,0.90637893,615.01471,0.15394213
31.631727,28.745683,36.774704,35.902206,0.97627451,476.32594,0.019853669
30.66266,28.652645,40.261616,30.920691,0.76799429,326.04361,-0.033936709
30.04657,28.0396,35.738827,33.340054,0.93288048,332.99657,-0.12413125
29.588085,27.34777,34.295788,33.683094,0.98213501,383.83972,-0.13513886
31.527032,28.022337,38.736008,33.888409,0.87485548,603.01136,-0.0048631333
31.677639,29.027428,38.912933,34.057213,0.87521578,430.52579,0.0097791743
30.034638,27.06924,36.290089,32.816219,0.90427497,522.887,-0.10840042
33.038287,30.125803,38.308743,37.597309,0.98142894,457.53099,0.12033367
31.754098,28.467289,40.576992,32.862122,0.80987083,553.23326,0.004020069
31.116398,28.364914,36.177895,35.315063,0.9761503,459.1723,0.0079007295
31.371942,28.208588,38.829773,33.481613,0.86226651,536.17368,0.024861195
30.297283,28.224966,37.951031,31.962114,0.84219356,342.01751,-0.084802994
32.601638,30.666731,38.444382,36.485252,0.94903989,291.80557,0.082079408
32.109398,28.60367,43.232666,31.621311,0.73142172,589.97758,0.037233053
31.070958,29.152817,37.030846,34.40921,0.92920399,304.87565,0.0022173761
29.807958,27.246155,34.313126,34.167763,0.99576363,444.18489,-0.12692799
30.807017,28.28473,36.143925,34.650909,0.95869248,419.90083,0.023011068
30.898766,28.424847,40.001423,31.58123,0.78950266,409.22479,-0.02064491
31.861199,28.820652,38.640102,34.685738,0.89766166,502.21566,0.011391462
30.908645,29.463834,36.508129,34.534203,0.94593188,224.53963,-0.018704169
29.604866,26.782519,34.759914,33.273689,0.95724313,501.61126,-0.11582882
33.182115,29.597949,40.098846,36.250103,0.90401861,582.36356,0.10129182
33.103824,29.079409,40.173985,36.014935,0.89647405,672.9473,0.11862043
29.885191,27.974846,36.134113,32.631149,0.90305659,316.97316,-0.06984394
31.968769,28.596548,38.72366,34.844105,0.89981435,565.95031,0.030796306
31.218632,28.412468,37.651264,34.17152,0.90757962,468.0641,0.022913908
29.453084,27.036933,34.737789,32.95578,0.94870114,420.84933,-0.1420304
30.317363,28.472828,35.233715,34.422958,0.97698917,299.96544,-0.062430679
33.892434,30.292798,40.664192,37.287945,0.91697248,570.62359,0.13367261
29.735073,28.521638,36.311928,32.153023,0.88546725,193.9026,-0.090314206
30.276373,27.14778,36.671448,33.001446,0.89992209,552.11986,-0.073419232
31.148911,29.112269,39.193832,32.718037,0.83477515,325.10354,0.018208827
30.516082,28.507616,35.894909,34.236179,0.95378927,327.51863,-0.052134322
31.562327,28.217493,40.468483,32.558044,0.8045284,569.12117,0.032488315
31.149207,28.001,37.350979,34.289627,0.91803824,537.66455,0.013755546
31.628902,30.272159,37.397938,35.302444,0.94396766,204.60157,0.027532852
31.370133,28.087035,38.671219,33.611164,0.86915191,560.61161,-0.044330416
31.764911,28.195636,37.435795,35.569439,0.95014515,610.94463,0.0081843363
31.097867,27.500579,40.745499,31.423531,0.77121478,633.00658,-0.0075409813
31.362745,28.22024,38.373051,33.849728,0.8821224,532.1465,0.0056884751
30.3329,27.494741,35.604942,34.101227,0.95776668,490.65484,-0.061534969
32.368551,29.765668,37.859547,36.518368,0.96457488,411.27762,0.055793822
29.374445,27.985881,35.416122,32.162655,0.90813599,227.28896,-0.12950963
33.625133,29.696244,39.14307,38.115402,0.97374585,640.85014,0.13786749
31.700971,28.475621,41.175682,32.299316,0.78442698,541.9539,0.02515103
30.668485,27.404766,36.163494,34.323021,0.94910688,571.99438,-0.00800864
31.114446,28.128368,38.07349,33.578094,0.88192845,505.57807,0.011845004
29.911847,26.883257,35.554916,33.212353,0.93411423,538.82063,-0.15096155
31.280573,27.869274,42.557751,30.505556,0.71680376,589.15387,0.0078163663
30.819159,27.89056,36.709534,34.149796,0.93027049,499.69247,-0.039730704
30.175804,27.534627,35.260803,34.077114,0.96643046,453.72653,-0.1045724
31.483866,28.793787,36.981426,35.371014,0.95645349,441.1793,0.011688949
33.30107,31.746257,39.899529,36.687115,0.91948742,224.25288,0.059325107
30.200724,27.534409,39.123962,30.848036,0.78846912,458.3289,-0.07233156
30.745632,27.601425,41.589195,30.146505,0.72486387,545.28306,-0.014820168
32.687098,28.952637,40.388374,34.943256,0.86518105,623.4614,0.062032619
30.585136,27.57618,42.341087,29.347572,0.69312278,520.66543,-0.0030144944
31.850347,29.136593,40.843212,32.850964,0.80431882,439.7408,0.055162991
30.243966,27.602299,35.779522,33.738815,0.94296439,452.63225,-0.086749068
30.417598,27.212985,37.750645,32.377907,0.85767825,565.10492,-0.055568709
31.137155,27.763252,37.735214,33.921066,0.89892338,584.58872,-0.005126829
29.898844,28.029631,39.909508,29.685177,0.74381215,309.19657,-0.059271055
29.022332,26.193752,35.830406,31.050577,0.86659853,514.90337,-0.14932621
30.801644,28.768059,37.790157,33.155273,0.87735208,328.66631,-0.044709748
30.986725,27.932535,38.570217,32.889847,0.85272652,521.82814,-0.011661162
31.746539,28.279837,37.804478,35.186279,0.93074368,590.0993,0.05594241
32.131004,29.5293,38.528187,35.370464,0.91804123,414.56711,0.049157031
31.16831,28.244306,40.872932,31.469004,0.76992284,492.17815,-0.02112236
33.144391,29.787775,38.86451,37.300575,0.9597593,538.96056,0.099080825
31.3017,28.104383,37.233021,34.731583,0.93281668,544.51745,-0.020926394
30.494019,26.963992,39.559483,31.105898,0.78630699,633.57629,-0.049787606
30.138742,27.421324,37.718872,31.822208,0.84366807,469.74882,-0.13961806
29.526545,27.507032,34.535133,33.312279,0.96459102,342.00124,-0.11988176
30.705508,27.711273,43.040955,29.124233,0.67666326,515.23182,-0.041077443
30.946401,27.547888,36.414116,34.706642,0.95310956,594.16225,-0.0024623133
30.530806,27.706382,36.69886,33.528427,0.9136095,484.13795,-0.036903913
31.153573,28.702481,37.289356,34.3549,0.9213058,401.08095,-0.0052739117
31.560925,28.874203,37.781399,34.800068,0.92108998,439.29026,0.020038904
30.447065,27.828071,37.375549,32.756157,0.87640604,444.63192,-0.044716889
30.216826,28.001615,36.815205,32.747635,0.88951386,369.96387,-0.038306282
30.716015,27.711213,37.295277,33.400421,0.89556704,517.18095,-0.026719644
31.481157,28.043384,38.050407,34.385605,0.9036856,590.10979,-0.011648779
30.226857,27.107032,38.913345,31.059931,0.79818199,551.34612,-0.094185632
29.869918,28.157236,36.252754,32.493698,0.89630978,280.86316,-0.10057445
28.856202,25.942014,39.087719,28.257006,0.72291264,537.16522,-0.20975189
28.857299,26.442566,34.573959,31.792665,0.91955524,430.62447,-0.13872509
31.275135,28.324799,40.643719,31.849649,0.78363028,495.40779,-0.01279732
31.921341,28.625034,38.910049,34.579178,0.88869531,551.66491,0.042044917
31.47333,28.950112,36.644596,35.67001,0.97340437,409.84119,0.075195769
32.231946,28.802987,42.255299,32.552002,0.77036497,571.76481,0.070182559
30.766156,27.343845,36.811726,33.940285,0.92199657,603.48256,-0.026545797
31.037551,27.86657,35.780876,35.525242,0.99285557,544.65021,-0.0049989278
30.411922,27.254951,37.568241,32.518532,0.8655857,555.14963,-0.022138528
31.67375,29.399838,37.425003,35.376747,0.94527039,361.26796,0.03275417
30.760307,28.053814,40.169384,31.180832,0.77623376,456.51152,-0.042361518
30.5823,28.43169,38.356396,32.223507,0.84010779,352.89901,-0.061483779
33.450141,29.494633,40.46804,36.502831,0.90201628,650.34837,0.10494659
31.823895,28.273239,36.759827,36.353638,0.98895019,605.69841,0.0024304996
31.22246,28.502098,39.244289,32.829224,0.83653507,451.32232,0.014372082
32.443424,29.76766,38.198101,36.364376,0.95199434,423.46434,0.077159638
30.068626,26.911901,37.574852,31.794147,0.84615495,562.71938,-0.097513453
30.605741,27.848147,36.433014,33.933788,0.93140216,469.36412,-0.049737717
30.489313,28.319021,38.204365,32.154289,0.84163914,357.79089,-0.077911494
31.768948,29.849568,41.998501,31.830769,0.7579025,297.64013,0.059753628
31.841788,29.39869,38.845177,34.465168,0.88724446,389.6963,0.054155078
32.889269,29.993864,38.215164,37.350471,0.97737304,456.8047,0.098618974
29.18928,26.068386,38.301712,29.45335,0.7689826,575.23611,-0.13448581
32.182101,29.750608,38.729965,35.300453,0.91145068,382.89826,0.056312939
30.701056,27.587631,38.085655,32.6936,0.85842294,539.84114,-0.013662067
31.482776,28.962597,37.155483,35.20451,0.94749165,409.13152,-0.0088837215
31.009943,28.490008,40.333771,31.55372,0.78231515,416.28248,-0.071247066
31.35008,28.021822,40.234016,32.310112,0.80305461,570.34266,0.023783151
29.70374,27.043328,38.714874,30.165121,0.77916103,466.09795,-0.13957039
30.734985,28.444596,35.612465,35.001163,0.98283461,376.92666,0.022153768
31.146457,27.993241,38.234241,33.508465,0.87639938,538.74337,0.037029666
29.753896,26.74522,38.574657,30.369432,0.78728975,537.98281,-0.10075409
30.566363,27.286894,36.682537,33.620571,0.91652797,577.64561,-0.072395449
31.651186,27.952523,38.77058,34.122711,0.88011866,640.93895,0.014368631
29.507894,27.444559,34.165653,33.628242,0.98427043,350.64488,-0.12736512
31.855877,28.468,39.466541,33.966492,0.86064021,571.54619,0.016999747
31.662723,28.397274,38.086636,34.747112,0.9123177,550.82516,0.058325185
32.495464,29.239197,39.331161,35.445053,0.90119519,532.19803,0.083761867
29.773013,26.415742,38.054977,30.804522,0.8094742,613.57507,-0.093732234
31.294769,29.487981,38.517078,33.582268,0.87187995,283.01319,-0.023382595
30.813102,27.588278,38.738697,32.391586,0.8361558,560.61649,-0.0407414
29.459182,27.391899,39.695503,28.989998,0.73030938,352.06113,-0.15894854
31.290165,28.193106,38.851734,33.291607,0.85688858,524.43751,-0.024080854
31.135837,28.848403,38.165604,33.544582,0.87892182,370.85855,0.023945799
31.496288,28.052777,36.691387,35.67662,0.97234318,590.95942,-0.006501845
30.257409,27.84261,36.862968,32.793079,0.8895941,407.71445,-0.023748666
28.985693,25.982077,34.603271,32.047199,0.92613207,553.97626,-0.15450865
29.518424,26.539904,36.183418,31.801697,0.87890251,536.61742,-0.15253478
29.662365,26.869424,36.963943,31.449335,0.85081115,494.30998,-0.079753995
30.741132,27.581611,36.442474,34.2239,0.9391212,548.56051,-0.048120643
30.473237,27.855088,36.038044,34.006432,0.94362591,444.02117,-0.02707371
31.135727,28.583342,41.90284,30.675411,0.73206043,420.50688,0.01475347
31.362745,29.772002,38.373051,33.849728,0.8821224,245.42901,0.0056884751
30.515052,27.959585,37.978878,32.3927,0.85291356,431.01828,-0.072622588
29.604198,27.216715,36.043861,32.105385,0.89073102,412.64981,-0.13905418
29.860896,27.321887,36.828503,31.979092,0.86832451,438.68978,-0.049452666
28.961114,26.086451,35.588181,31.126202,0.87462189,526.20847,-0.12654132
30.98834,27.475115,36.925117,34.324368,0.92956694,617.62693,-0.012166301
31.199201,28.123035,41.504902,31.07506,0.74870819,522.03677,0.015135872
29.854886,27.715698,36.693027,32.081211,0.87431356,360.47553,-0.11548787
31.530629,29.553797,38.390293,34.193745,0.89068726,310.17802,0.0060356193
32.626256,28.870815,38.344368,36.634483,0.95540714,629.17938,0.078412674
31.576986,28.679922,37.206192,35.366653,0.95055826,479.43707,0.0055778839
30.093698,27.70367,38.60059,31.031418,0.80391046,405.42964,-0.095760025
32.125463,28.705248,37.36694,36.444904,0.97532482,572.28599,0.091743761
33.049548,29.837227,38.940643,37.016529,0.95058854,513.24226,0.098891069
29.625269,28.189066,35.672348,32.478493,0.91046693,233.61477,-0.089756228
32.275107,29.369424,38.37455,35.826679,0.93360519,468.92491,0.055300423
30.916575,27.495183,37.83725,33.359493,0.88165744,599.72121,-0.059866414
30.841391,27.732602,37.09774,33.8466,0.91236286,535.95395,-0.023038038
31.900771,27.883571,38.460087,34.930534,0.90822816,703.05229,0.0031464835
32.962355,30.208808,39.60627,36.212517,0.91431273,429.77617,0.075253385
30.784016,27.982194,41.299103,30.418959,0.73655253,474.95719,0.014054213
30.346853,27.16093,42.489716,28.814468,0.67815158,562.71687,-0.022346837
30.33936,28.202712,36.658985,33.148533,0.90424034,353.48358,-0.047692888
33.439146,29.518908,39.784924,37.094563,0.93237737,643.4858,0.084237682
31.370911,27.901007,36.861137,35.232372,0.95581349,599.35052,-0.05422185
30.267568,28.094125,40.468723,30.004341,0.7414205,361.35917,-0.032811453
29.972493,26.736695,37.739189,31.46175,0.83366259,581.99827,-0.10347877
30.860183,28.346686,37.234764,33.765102,0.9068166,417.38044,-0.023793835
30.442721,28.183554,38.587486,31.750961,0.82283052,375.13904,-0.1107258
31.823895,28.620614,36.759827,36.353638,0.98895019,535.04799,0.0024304996
30.840829,28.255509,36.556545,34.338711,0.93933141,431.51548,-0.013956607
32.562933,29.369855,42.813824,32.795444,0.76600128,518.64706,0.083315819
31.41374,29.174833,44.847008,29.297115,0.653268,358.30126,0.024329981
30.8692,27.477581,39.110573,32.209621,0.82355278,594.49889,-0.0073694705
30.200039,27.057272,35.365376,34.031479,0.9622824,556.80607,-0.057244411
32.761769,30.148356,38.116856,37.157265,0.97482502,407.48941,0.075795061
31.410849,27.996594,38.43861,33.895882,0.88181862,586.81213,-0.0042518542
30.955456,27.921475,35.882713,35.237759,0.98202605,518.3487,0.018100057
30.652896,28.319275,35.771835,34.660549,0.96893405,386.23762,-0.076749169
32.945842,29.773444,39.508316,36.264694,0.91790027,507.57787,0.10495127
32.459967,28.829464,44.129543,31.677753,0.71783551,607.50559,0.086509142
32.152574,29.708911,38.093189,35.816128,0.94022393,385.4928,0.023262418
30.380359,27.239937,38.734859,31.50795,0.81342622,552.34841,-0.069504499
30.757827,28.09138,36.218182,34.470673,0.9517505,448.68807,-0.032095858
33.03473,29.58796,38.164486,37.730881,0.98863852,558.55914,0.11058016
29.927035,27.038874,37.380436,31.658743,0.84693349,508.92336,-0.13277006
31.167334,27.830481,38.888844,33.004272,0.84868226,576.16672,0.022549314
29.594995,26.453121,38.116997,30.397615,0.7974819,570.3303,-0.073740496
31.268567,28.079728,36.770424,35.089474,0.95428527,543.47883,-0.012380269
31.583536,28.747663,38.841652,33.918327,0.87324625,467.46739,0.016910739
32.466821,29.984632,39.509979,35.226582,0.89158696,388.10973,0.11375926
31.247015,27.842736,37.090351,34.742493,0.93669895,588.45056,-0.0072893652
28.978894,26.432611,35.090626,31.595369,0.90039343,455.78656,-0.21393799
30.145254,27.826894,35.437679,33.840038,0.95491688,390.74392,-0.086453131
30.548977,28.548323,37.664406,32.726734,0.86890349,325.69497,-0.11954292
30.946401,28.901915,36.414116,34.706642,0.95310956,328.90915,-0.0024623133
31.206895,28.818436,36.630512,35.084114,0.95778388,388.59268,-0.018311407
30.038757,27.454758,36.85535,32.333092,0.87729711,444.6574,-0.0681323
29.895785,27.745234,34.744698,33.94339,0.97693726,362.08604,-0.098814827
29.810426,26.715216,35.249454,33.271194,0.94387828,555.29575,-0.107055
31.888049,28.750828,38.989685,34.439148,0.8832887,520.6821,0.051832826
31.59584,28.562143,36.389278,36.1992,0.99477654,505.85818,0.029198655
31.10599,27.797806,36.123692,35.344208,0.97842181,571.55821,-0.042659246
33.147782,30.083018,39.655598,36.572834,0.92226157,483.81139,0.076510284
31.788068,28.080368,38.538021,34.617893,0.89827895,639.46571,0.01282919
29.3629,27.358917,36.852386,30.918102,0.83897151,341.16834,-0.13480433
31.063165,28.367854,41.153378,31.060705,0.75475469,449.1524,-0.045523947
31.217369,27.79014,37.724155,34.104053,0.90403756,593.94337,0.017000091
30.337219,27.197259,38.052303,31.962605,0.83996506,553.19283,-0.11366149
33.119846,30.377031,38.228729,37.861759,0.99040067,425.4842,0.073805521
32.538437,28.49297,45.616215,30.859024,0.67649243,691.95034,0.090475323
31.030051,28.063598,35.849365,35.44038,0.98859157,503.26355,-0.020742523
30.726054,27.374969,39.083485,31.938597,0.81718908,589.20902,-0.02102502
31.820672,28.041583,37.851143,35.306675,0.93277698,653.81144,0.026899427
31.693839,29.183545,36.893627,35.927387,0.97381011,404.1676,0.03360909
31.211907,27.816976,41.255356,31.277477,0.75814343,587.29366,0.0071304141
31.086575,27.993413,39.590172,32.275639,0.81524372,527.73728,-0.01245078
31.593498,29.651706,40.583496,32.532509,0.80161919,303.37661,0.022107503
31.432015,28.843848,38.945614,33.51104,0.86045735,422.67485,0.02703847
32.306697,29.650889,40.716843,33.880943,0.83211125,421.87046,0.11234619
30.897841,27.662755,36.915775,34.134182,0.92465029,560.90677,-0.025342674
33.003477,30.596596,38.733925,37.109043,0.95805016,367.77004,0.11124885
31.270388,28.509872,37.951134,34.018372,0.896373,458.28317,-0.027661137
28.872096,25.75487,37.565098,29.369474,0.78182876,582.04912,-0.17171036
31.167794,28.497485,39.428436,32.56916,0.82603226,442.57279,-0.017598425
31.883736,28.467501,40.380474,33.280491,0.82417287,576.71309,-0.020428396
32.062429,28.576475,41.849773,32.515549,0.77695879,586.99023,0.035662862
30.052871,26.79504,37.461704,31.854202,0.85031375,584.89635,-0.10579961
29.957263,27.193352,39.688194,29.954929,0.75475667,482.60666,-0.082007394
30.264221,27.691099,38.074471,31.793758,0.83504136,438.65373,-0.055099549
30.533574,27.396636,36.927395,33.33086,0.90260523,548.29875,-0.064918211
30.51514,28.274459,39.140423,31.466564,0.80394032,370.6416,-0.062781776
30.641901,27.545602,37.385536,33.162827,0.88704966,537.53273,-0.04428477
30.371431,27.710188,36.704853,33.177269,0.90389325,454.31272,-0.047199979
30.180272,27.537622,35.551708,33.810577,0.95102539,453.9435,-0.042333093
31.053636,28.162275,37.046097,34.357197,0.92741746,487.82393,-0.038322041
31.386473,28.022212,38.10762,34.130985,0.89564725,576.98362,-0.055685856
31.830371,28.929648,37.355759,35.791309,0.95812025,475.66287,0.069512877
30.618142,27.70137,38.70953,32.013554,0.82701996,501.16959,-0.067645382
31.890661,29.764528,37.526825,35.764114,0.95302797,332.29107,0.027777762
31.533464,28.57006,37.997837,34.545654,0.90914791,493.18773,0.043156591
31.355506,27.818501,38.164387,34.014874,0.89127264,613.84755,0.022029258
30.907611,27.903638,36.027241,34.988911,0.97117931,513.21002,-0.0034261764
30.651536,27.69158,42.532822,29.347116,0.68998751,509.30561,-0.014747401
29.52922,27.244968,39.36367,29.355043,0.74573949,393.35973,-0.073629762
30.148034,27.489791,35.560844,33.730175,0.94852009,457.64144,-0.12117141
30.684117,28.055615,35.98597,34.525764,0.95942291,442.50085,-0.062695879
32.767696,29.219402,43.882217,32.433395,0.7391011,584.13303,0.10328397
31.574277,28.077703,36.799606,35.748177,0.97142825,600.22084,0.010413329
30.866393,27.528349,39.930557,31.569971,0.79062185,583.21073,-0.019182157
29.381188,27.816234,38.61388,29.603029,0.76664218,258.94669,-0.10654377
30.92925,28.792802,41.307182,30.69261,0.74303326,345.83432,-0.0095515997
34.70249,31.746269,41.826546,38.00845,0.90871596,439.64668,0.18346769
30.216005,26.914806,38.116203,31.660885,0.83064111,590.45255,-0.037770946
31.001487,27.564738,36.099976,35.130653,0.97314893,600.98679,-0.012991028
31.138042,28.002362,36.931648,34.648491,0.93817885,535.34036,-0.032388642
31.636325,29.530252,37.303368,35.407486,0.94917665,331.74143,0.029657514
31.852617,29.205863,37.454094,35.747868,0.95444487,427.14257,0.093779291
30.968468,27.75148,38.222515,33.141609,0.86707034,555.61484,-0.054416992
30.409751,27.260719,37.925571,32.216835,0.84947528,553.52289,-0.09933196
31.592858,29.42555,38.0345,34.641891,0.9108018,343.15605,0.0352591
29.529138,26.501177,36.824451,31.286245,0.8496052,547.04706,-0.11702154
30.660328,27.073142,36.620289,33.882458,0.92523732,641.8861,-0.029742189
31.325154,28.064365,37.972534,34.117531,0.89847917,556.99829,-0.02899091
31.007287,28.128286,37.358997,33.973492,0.90937912,486.2236,-0.042283261
29.518424,26.758746,36.183418,31.801697,0.87890251,490.179,-0.15253478
30.476152,27.266237,39.917179,30.805363,0.77173197,564.92132,-0.077804785
32.796866,30.981909,40.582718,35.011333,0.86271533,270.0714,0.11321372
31.319462,28.060401,37.815315,34.244156,0.90556316,556.76548,-0.0041734096
29.59091,26.695321,34.09676,33.885693,0.99380976,517.36157,-0.15619963
30.814952,28.294767,36.30373,34.517475,0.95079693,419.3721,-0.08595762
29.873243,27.277093,39.912369,29.633814,0.74247194,449.97755,-0.121414
31.148057,28.144018,38.27132,33.480244,0.87481289,508.53044,0.0065899572
30.667214,27.90223,37.987171,32.704693,0.86094047,469.73248,-0.06358012
30.753496,27.498442,36.66172,34.049191,0.9287396,568.26683,-0.011944277
33.066526,30.132958,39.300819,36.718742,0.93429966,460.94218,0.1358958
31.314337,28.34274,36.860523,35.106583,0.95241684,498.88767,-0.032057062
31.793743,28.682049,38.050594,35.065399,0.92154669,517.46995,-0.016153991
30.475666,27.437856,39.540459,31.08359,0.78612112,528.86404,-0.028093642
30.294526,27.903151,36.899197,32.841122,0.89002267,402.60244,-0.051043091
31.050966,28.118855,39.513302,32.263363,0.81651903,495.99103,0.020949556
30.830223,27.894476,38.200821,32.868732,0.86041952,500.92179,-0.044656044
30.981529,27.743798,39.309616,32.281963,0.82122306,559.63614,0.0099054475
30.805267,27.674344,38.020111,32.967777,0.86711417,541.27272,-8.642824e-05
29.587901,27.25926,38.133083,30.371115,0.79645055,401.22587,-0.079813769
31.05075,28.073413,40.786659,31.300785,0.76742704,505.05033,-0.028234043
32.906207,30.020822,41.311878,34.639034,0.83847638,454.68722,0.074336181
31.888306,28.299086,37.05584,36.210106,0.97717677,612.20765,-9.6324441e-05
30.500126,27.353279,36.356037,33.771996,0.92892402,551.09787,-0.087546451
29.512582,26.881565,36.939571,31.157532,0.84347303,463.56661,-0.1191893
31.804898,29.837184,39.94009,33.470955,0.83802903,305.61399,0.033257466
32.043226,29.465755,41.463577,32.765633,0.79022688,411.41506,0.040170968
29.775129,27.508067,36.405163,32.158089,0.88333869,386.28937,-0.085048717
30.55672,27.506324,38.058224,32.414242,0.85170138,529.79647,-0.034558027
33.319813,29.724573,39.416645,37.171673,0.94304508,581.62062,0.10836465
31.028678,27.862874,38.855877,32.742912,0.84267592,543.7725,-0.022227285
31.60583,28.162295,39.355087,33.53521,0.85211881,588.48446,-0.0065908209
30.684219,27.599633,36.330231,34.202126,0.9414233,534.22572,-0.066762722
32.841999,30.443032,39.717358,35.852406,0.90268859,368.44443,0.086425249
31.17602,27.687413,39.422596,32.590679,0.82670048,607.86766,-0.046733489
31.801109,30.106258,40.123066,33.315926,0.83034347,259.11492,0.0065191194
32.214023,28.578403,38.056843,35.986294,0.94559325,614.21244,0.037464816
28.58281,26.189871,35.912338,30.065128,0.83718103,430.86954,-0.19008197
33.625133,30.3796,39.14307,38.115402,0.97374585,509.01263,0.13786749
30.573487,27.346299,39.392078,31.391344,0.79689485,566.40403,-0.0584178
29.660319,27.180859,35.450329,32.755112,0.92397202,430.12823,-0.10301924
30.369303,27.275232,37.238293,32.708225,0.8783492,542.83686,-0.085072114
29.944223,27.03516,35.2439,33.574169,0.95262355,512.943,-0.088549906
29.39199,26.83205,35.845417,31.823195,0.88778978,451.13026,-0.12646171
29.710857,26.68256,37.257832,31.309841,0.84035596,543.11765,-0.13283221
29.944058,27.536796,38.897697,30.506231,0.78426831,411.14815,-0.11372335
31.046955,27.776988,37.70314,33.754997,0.89528344,564.90733,0.0055773917
30.312809,28.524904,35.908489,33.771393,0.94048494,289.79722,-0.1122211
31.174327,28.02113,40.113041,32.048828,0.79896281,538.16417,-0.016198896
29.400975,27.447024,35.424744,32.212532,0.90932293,331.11032,-0.10670048
34.81519,30.713181,45.028934,35.616337,0.79096558,647.45083,0.20057207
31.815584,28.761953,38.302589,34.886158,0.91080418,505.62993,0.041594527
30.543021,27.305475,37.144199,33.160744,0.89275701,569.27672,-0.040196511
30.114693,28.642409,36.166885,33.100018,0.91520235,235.76973,-0.10925313
30.519219,27.732582,37.66803,32.660839,0.86707054,476.74717,-0.020438512
30.215747,28.974274,36.07761,33.401798,0.92583178,195.32658,-0.032075096
29.836416,27.073933,37.318531,31.520931,0.84464555,484.61216,-0.10499275
32.051259,28.431423,37.107624,36.529556,0.98442185,614.74751,0.017322661
30.437396,27.047468,36.064934,33.901966,0.94002573,604.38989,-0.084619363
31.458177,28.651324,36.277473,35.995102,0.99221635,464.02843,0.011088439
30.371431,28.300885,36.704853,33.177269,0.90389325,340.74751,-0.047199979
30.233614,27.677709,35.882492,33.6203,0.93695555,435.76027,-0.085245491
30.624938,27.263317,37.438992,33.080399,0.88358145,593.82199,-0.10717027
31.961653,28.626187,39.38681,34.256439,0.86974393,558.6915,0.054511044
30.562133,27.270773,36.537422,33.742626,0.92350867,580.2732,-0.044569097
31.116398,27.801201,36.177895,35.315063,0.9761503,572.7882,0.0079007295
31.217369,28.260538,37.724155,34.104053,0.90403756,497.78099,0.017000091
29.356988,26.465711,34.097107,33.352474,0.9781614,521.33952,-0.12235504
31.597649,28.911442,37.660355,34.990849,0.92911628,438.59966,0.028841397
31.311381,28.164568,40.649273,31.917614,0.7851952,534.05968,0.011526856
31.335962,28.501426,37.324909,34.722637,0.93028055,471.5369,-0.0087772836
31.759587,28.33905,40.596455,32.858139,0.80938444,580.31805,0.011970319
30.929795,28.182392,40.848442,31.019209,0.75937312,461.60983,-0.02503325
31.199487,27.973512,37.286373,34.458141,0.92414837,552.52897,0.0048022731
33.361484,30.526495,42.791363,34.401608,0.80393812,438.39026,0.1195283
30.563718,28.229412,38.956387,31.707684,0.81392774,387.65681,-0.040635232
31.385649,28.293078,36.812664,35.311375,0.95921814,521.64,0.037648518
30.210067,27.139246,38.025604,31.721359,0.83421052,541.35526,-0.12611513
33.056581,29.246203,39.203918,36.78632,0.93833275,630.27355,0.078063469
30.228398,27.996036,36.708885,32.865223,0.89529341,373.06348,-0.075747131
29.843656,27.61926,39.579411,29.811586,0.75320944,377.00945,-0.16264407
30.216826,28.36812,36.815205,32.747635,0.88951386,301.83489,-0.038306282
32.048408,29.024937,37.46283,36.178516,0.96571765,495.44397,0.049798618
31.399311,28.816799,37.405518,34.788109,0.93002613,422.11534,0.010815257
30.999972,28.005489,38.535843,32.945988,0.85494401,509.48299,-0.052628922
30.31031,27.250598,38.991261,31.168232,0.79936456,536.88742,-0.12478494
30.786665,27.632443,39.865479,31.45974,0.78914742,546.48957,0.007773691
29.873018,27.728466,37.345512,31.574961,0.84548208,361.25213,-0.084791962
32.148764,28.612403,39.79483,34.30769,0.86211425,595.34741,0.010840797
31.596981,28.253412,37.340248,35.285439,0.94497067,568.11079,0.04315059
31.719536,28.327558,37.765354,35.162746,0.93108477,575.34898,0.005279629
31.554238,28.693087,41.171116,32.011513,0.77752357,472.868,-0.011258989
32.601802,28.94973,37.915447,36.990677,0.97560968,608.66276,0.094328896
30.165077,26.938172,39.894192,30.212301,0.75731076,575.59768,-0.032707194
29.863723,27.372431,34.897785,33.723099,0.96633924,429.09643,-0.13910136
30.510806,27.897838,35.79884,34.315418,0.95856229,442.36547,-0.02457339
32.108355,28.577119,40.878819,33.346397,0.81573778,595.20845,0.083512803
30.671006,27.401252,39.797924,31.279812,0.78596592,573.21304,-0.038224076
31.174333,28.385391,37.613121,34.109432,0.90684929,465.47608,0.015012668
31.421073,27.767245,36.294014,35.893986,0.98897813,637.09772,-0.011664961
31.19753,27.844076,37.928909,33.881176,0.89328106,578.95188,-0.030166181
30.047189,26.922463,38.12397,31.308521,0.82122929,556.34996,-0.080574249
32.828879,28.633192,40.198692,35.404797,0.880745,716.16598,0.058747327
29.922167,27.330929,35.044868,33.713684,0.96201487,448.13108,-0.11035493
33.088252,29.681716,42.924,33.752895,0.78634086,549.67812,0.13863652
31.305099,27.991162,37.634651,34.374195,0.91336558,568.37003,-0.024887034
31.386299,28.88439,37.311913,34.845463,0.93389645,407.15552,-0.015259387
30.266106,27.437158,35.860706,33.712357,0.94009184,490.05018,-0.16003365
31.954181,28.437668,38.280289,35.208221,0.91974805,595.66699,0.023195971
31.174333,28.231574,37.613121,34.109432,0.90684929,495.79194,0.015012668
29.815556,26.630214,35.784946,32.791637,0.91635284,574.68917,-0.12840938
31.119605,28.075337,38.598106,33.144955,0.85871973,517.178,-0.02933653
31.305344,28.180845,38.089668,33.972366,0.89190502,529.66918,-0.020966181
30.987605,28.801187,37.432014,33.865883,0.90473045,354.23863,-0.069937898
30.248989,27.926363,36.142578,33.41552,0.92454722,390.03029,-0.058138482
31.928815,29.227792,37.684402,35.700924,0.94736607,436.09904,0.0084725518
29.89539,27.907655,37.051769,31.864347,0.85999529,331.28395,-0.048360404
30.701059,27.831646,35.790253,34.751438,0.97097492,490.01207,0.01155718
30.4767,28.146645,38.949444,31.536442,0.80967631,388.1131,-0.047817967
30.113504,27.417186,37.221424,32.181103,0.86458549,465.93729,-0.1403641
30.058079,27.016422,36.49622,32.685154,0.89557642,538.45269,-0.083600968
30.861228,27.916502,35.760345,35.14336,0.98274667,502.13645,-0.044171023
31.904714,30.154681,37.93008,35.419285,0.93380465,267.451,0.01552576
30.892321,28.290511,37.924976,33.23275,0.8762761,433.86791,0.00019216506
33.304255,30.311173,39.841087,36.747021,0.92233982,467.96274,0.13694431
30.647771,27.740023,40.497505,30.720903,0.75858755,498.76711,-0.01464955
29.679574,27.558755,38.72242,30.111668,0.77762877,359.35935,-0.11236768
31.279988,29.020063,38.637257,33.44952,0.86573226,363.87714,-0.027640315
31.570637,29.550258,38.244419,34.407509,0.89967399,317.37659,0.066419307
30.143953,27.808916,38.499016,31.211683,0.81071379,393.98447,-0.083244492
29.835266,28.4322,35.529324,33.067158,0.93070045,226.0142,-0.040348889
29.743759,26.595498,38.883602,30.11964,0.77461034,568.28442,-0.10189843
30.85775,27.8077,41.282589,30.572094,0.74055661,523.57782,0.033783013
31.919328,28.678577,37.010185,36.325016,0.98148701,540.59474,-0.00024903207
29.226633,26.328462,36.437454,30.973766,0.85005297,525.5936,-0.13337969
30.230311,27.888628,34.872501,34.579258,0.991591,393.97595,-0.068512173
30.73739,28.440121,36.864346,33.829815,0.91768385,378.18429,0.0022791315
31.005202,27.742296,38.778835,32.756996,0.84471326,564.35311,-0.060042908
29.839295,26.751844,34.40427,34.148998,0.99258022,552.98384,-0.10219025
31.057838,27.760036,37.344734,34.096111,0.91300988,570.46126,-0.030060534
30.584536,27.2637,35.457298,34.811081,0.98177478,586.04287,0.0037401565
31.399311,29.090592,37.405518,34.788109,0.93002613,371.21147,0.010815257
32.019472,28.740711,37.073662,36.49054,0.98427126,546.13713,0.020895577
30.919212,29.00895,36.072384,34.971546,0.96948253,305.14086,0.0012232567
30.437396,28.331757,36.064934,33.901966,0.94002573,346.42251,-0.084619363
30.537154,27.609733,36.163784,34.031059,0.94102594,504.91367,-0.0090856883
30.795381,27.538818,36.837391,33.980965,0.92245852,567.65277,-0.059009683
31.255089,28.892778,36.892494,34.944542,0.94719923,383.05717,-0.025305741
31.578926,29.15722,41.646236,31.713066,0.76148697,389.47111,-0.015993672
29.118335,26.659282,36.522511,30.679173,0.84000722,435.23303,-0.19726017
30.842731,28.001905,35.87941,34.985348,0.97508147,481.65359,0.01986672
32.422483,29.604314,42.174599,32.988365,0.78218562,450.0661,0.059010689
30.676053,28.697226,38.649593,32.180561,0.83262354,320.21969,-0.049488836
31.791544,28.205424,39.370529,33.911526,0.86134291,613.83275,0.036171689
32.912294,29.932802,38.463421,37.162601,0.96618034,471.97621,0.11642578
31.041044,27.9321,37.649616,33.789215,0.89746506,531.87566,-0.035301825
32.833353,29.680526,46.868389,30.624254,0.65340957,505.9168,0.070549053
31.078898,27.609961,36.666988,34.763992,0.94810056,605.99619,-0.037980595
31.158302,28.671377,36.174263,35.413567,0.97897135,407.7573,0.036996079
29.520513,26.389614,36.187286,31.802828,0.87883982,569.65763,-0.094067912
33.073272,29.461705,39.346363,36.691685,0.93253054,590.09677,0.10769242
30.262477,27.566025,36.209797,33.383984,0.92195999,463.28176,-0.080608363
31.213046,28.138854,36.419701,35.299545,0.96924313,521.36321,-0.030539027
31.425499,28.568288,40.945194,31.923832,0.77967226,474.37355,0.0418056
31.355284,28.568409,38.911697,33.378262,0.85779507,461.9347,-0.0078049786
31.219048,27.85436,36.27977,35.448547,0.97708853,580.81163,-0.016851492
29.869141,27.77162,38.776592,30.447695,0.78520812,352.34058,-0.047629032
30.430605,27.448438,38.290997,31.962749,0.83473274,518.27178,-0.013158232
31.422702,28.199035,38.730686,33.672001,0.86938819,547.35969,-0.0016307603
31.25503,28.024162,38.663658,33.374775,0.8632079,552.3548,0.062926941
31.354392,28.203295,37.39238,34.701382,0.92803352,534.05195,0.0025712872
29.17071,26.82828,36.897999,30.485504,0.82621022,410.61075,-0.16367383
30.103894,27.298357,36.488007,32.791019,0.89867937,488.35799,-0.10807513
31.489746,27.854673,38.421391,34.079197,0.88698499,631.40086,0.0070155374
30.589561,27.782012,37.009949,33.378857,0.90188876,479.65332,0.016019873
31.832257,29.270126,36.926235,36.209305,0.98058481,411.7169,-0.0055371527
31.300022,28.475879,37.101322,34.849537,0.93930715,470.143,-0.014842471
30.672087,27.504488,36.028473,34.458462,0.95642305,551.72621,-0.028859572
30.72967,27.514029,38.574497,32.351818,0.83868412,560.52197,-0.041180978
32.024792,29.695406,39.00909,34.714748,0.88991433,366.67439,0.040075609
30.318165,27.758201,41.084614,29.677389,0.72234801,435.15112,-0.021654315
31.966309,28.8523,37.422142,36.032917,0.96287692,514.60963,0.036591951
30.779022,27.353114,41.065807,30.572102,0.74446612,603.94672,-0.026444747
29.980198,27.4964,37.311314,31.826496,0.85299853,425.6809,-0.082686456
29.992044,26.898006,39.681145,30.027685,0.75672426,551.01508,-0.091790155
30.082869,27.237537,35.800877,33.36298,0.93190399,496.94731,-0.092998988
31.932785,28.433539,37.711555,35.684322,0.94624372,592.60338,0.01931404
30.087872,27.082467,42.344635,28.432753,0.67146058,530.17765,-0.058415034
33.067907,30.454864,41.040947,35.198139,0.85763467,403.08902,0.15061978
31.190205,28.620894,37.085426,34.621651,0.93356487,422.87548,0.048401327
31.407947,28.669454,38.287926,34.019852,0.88852689,451.70123,0.031721307
31.116398,29.145238,36.177895,35.315063,0.9761503,313.78626,0.0079007295
34.075214,29.619293,42.27198,36.28627,0.85840006,737.05276,0.17839811
30.537959,28.856408,39.061119,31.57394,0.80832144,268.59243,-0.088639848
30.546885,27.592091,40.1828,30.750711,0.76527049,510.31735,-0.073112336
30.388059,27.534519,36.87405,33.063988,0.89667362,492.73483,-0.037454312
30.837203,27.569455,38.483551,32.649242,0.84839473,569.07079,-0.049709136
29.164398,26.435279,35.044315,32.038708,0.91423411,490.71716,-0.18178723
32.470662,29.512183,40.846786,34.114563,0.83518353,475.55066,0.12702503
30.316211,28.032619,36.140362,33.565102,0.92874283,381.5766,-0.051686888
31.094049,29.034015,37.859238,33.719852,0.89066378,329.95163,-0.048659014
31.024641,27.714208,37.099468,34.244987,0.92305871,573.83567,-0.03461008
30.969096,28.20045,36.821793,34.376892,0.93360179,465.09573,-0.056528863
30.962583,27.74002,37.247353,33.976166,0.91217666,556.89778,-0.011479069
30.276802,27.743873,36.558231,33.102505,0.90547338,430.50931,-0.071677409
31.49524,28.550512,38.184032,34.2981,0.89823149,490.22561,0.050744463
30.841391,27.47237,37.09774,33.8466,0.91236286,590.34565,-0.023038038
32.910044,29.111542,39.533508,36.163948,0.91476699,631.29378,0.097095136
31.187153,28.423721,36.303017,35.35379,0.97385267,460.2797,-0.057153138
31.114446,28.576083,38.07349,33.578094,0.88192845,418.17072,0.011845004
33.103824,30.19064,40.173985,36.014935,0.89647405,456.60179,0.11862043
30.880015,27.879531,37.560555,33.520924,0.89245018,513.04634,-0.052524695
30.932028,27.510508,41.486397,30.573034,0.73694117,599.38453,-0.036752227
29.92717,27.101681,38.620361,30.681345,0.79443444,495.88671,-0.060060217
30.469189,27.246339,42.339432,29.134354,0.68811395,567.81865,-0.005647482
30.730265,27.719034,38.642143,32.298382,0.8358331,518.20996,0.011701308
29.873522,27.539201,39.590439,29.861786,0.75426761,397.93679,-0.10868822
31.323508,28.523284,39.516895,32.818447,0.83049154,465.07502,0.0060833672
32.373984,29.20766,39.459007,35.071926,0.88881928,517.05138,0.041319903
30.770554,28.314957,36.593433,34.14941,0.93321143,407.68491,-0.036199196
31.679278,28.449559,40.5961,32.695904,0.8053952,543.27665,0.026601003
30.774129,27.989313,36.232761,34.493294,0.95199187,471.75552,-0.074647974
31.096671,27.838919,42.877998,29.949305,0.69847722,561.28951,0.004104871
31.509467,28.513698,36.38361,36.007309,0.9896574,500.0027,0.028504547
29.687778,27.20935,35.915596,32.397758,0.90205263,429.4605,-0.098320251
30.927875,27.732623,38.557343,32.777599,0.85010004,551.98247,-0.012398712
29.812797,26.862718,34.452339,34.040966,0.98805965,524.27862,-0.10554156
29.217172,26.868818,34.225121,32.913685,0.96168206,411.05279,-0.18401634
29.412779,26.451295,38.109509,30.038465,0.78821443,535.24178,-0.1315552
32.544322,29.637557,39.132389,35.727772,0.91299747,464.58941,0.08990562
32.231124,28.378257,37.315994,36.734425,0.98441502,659.08551,0.036301525
31.620384,29.278183,37.192196,35.476673,0.95387411,374.34485,0.017069688
33.200272,29.530199,43.4557,33.58054,0.7727534,598.91948,0.094094067
31.885219,28.364787,43.800816,30.816229,0.70355376,598.0387,0.017934309
30.778914,28.706722,36.7771,33.999691,0.92447993,335.97005,-0.048565296
29.60324,27.482741,37.116455,31.201647,0.84064189,360.34877,-0.132814
30.417566,27.888317,38.049019,32.13195,0.84448826,427.48279,-0.061631938
30.219258,27.779965,35.083015,34.347286,0.97902891,413.08047,-0.11456546
29.712838,27.762539,34.949684,33.335392,0.95381097,326.52221,-0.12534915
30.045968,26.940078,41.158138,29.115072,0.70739527,552.35554,-0.13296602
31.590515,28.565749,39.967972,33.007088,0.82583845,504.19681,-0.01556994
29.135412,27.047819,39.316936,28.631857,0.72823215,360.46706,-0.12769713
30.425008,28.060872,39.279392,31.179153,0.79377891,395.38887,-0.068480123
31.024641,27.519664,37.099468,34.244987,0.92305871,614.98006,-0.03461008
29.944118,27.003792,35.471466,33.360889,0.9404993,519.49617,-0.14120934
32.640129,28.973633,37.941181,37.052464,0.97657645,610.71687,0.034639261
29.242933,26.912201,36.064796,31.318602,0.86839815,407.09088,-0.14264416
29.951801,27.725965,35.901379,32.983952,0.91873775,375.73543,-0.11723273
30.39706,27.764589,35.365349,34.475559,0.97484006,448.1526,-0.093993618
32.27866,29.361948,38.060326,36.126801,0.94919841,470.95043,0.072740759
30.227213,27.518255,36.144989,33.365612,0.92310478,466.43263,-0.072680403
31.312218,28.137868,37.888714,34.163494,0.90167996,539.62703,-0.01856455
31.056807,27.555588,36.649387,34.731346,0.94766513,613.40085,-0.047021662
30.516985,28.230047,37.578606,32.731682,0.87101906,379.34617,-0.084721247
31.817533,29.842103,37.329273,35.787724,0.95870402,306.81481,0.045033872
32.120716,29.595755,38.47266,35.39817,0.92008637,400.67577,0.049575611
30.653465,27.132302,36.372547,34.094807,0.9373775,627.60875,-0.044783405
31.193193,27.637922,36.601616,35.080883,0.95845175,621.64226,-0.038903478
29.847797,28.035721,36.158173,32.529163,0.89963514,299.25021,-0.15463629
30.455895,28.095778,36.33136,33.697372,0.92750098,394.15971,-0.10150819
31.830454,28.511584,38.210178,35.001415,0.91602334,558.10483,0.033010139
31.583869,29.028415,37.086147,35.495449,0.95710803,414.20322,0.034883638
32.084261,28.901927,38.297699,35.477291,0.92635568,525.75008,0.037188869
31.918665,28.420653,37.207344,36.131954,0.97109737,592.66777,0.015949972
30.753496,28.100936,36.66172,34.049191,0.9287396,446.04185,-0.011944277
30.77552,27.704175,36.237942,34.491512,0.95180659,529.61281,-0.036412576
29.624156,27.010025,36.196011,32.016216,0.88452332,458.06679,-0.073480013
32.846628,28.841805,39.820618,35.771339,0.898312,675.38437,0.1268224
30.757258,28.668768,36.16354,34.520988,0.95457989,339.21667,-0.024393515
30.533438,27.563409,37.579868,32.765438,0.87188805,513.70726,-0.060969989
31.194977,28.310062,37.097858,34.620728,0.93322714,483.95012,0.021714115
30.889008,28.08411,36.731155,34.283768,0.93337027,473.6731,-0.035853289
29.885191,27.247843,36.134113,32.631149,0.90305659,458.10394,-0.06984394
32.403399,29.003286,37.798283,36.655701,0.96977159,562.37602,0.0555977
30.211176,27.187015,36.823544,32.728291,0.8887871,531.52636,-0.11962624
30.29958,28.259492,39.654633,30.649828,0.77291922,336.0009,-0.056479729
31.919834,29.224679,37.145691,36.194237,0.97438589,435.14213,0.020653232
32.626141,30.326342,41.415257,33.980656,0.82048642,353.8502,0.089657817
30.766156,29.007187,36.811726,33.940285,0.92199657,279.96483,-0.026545797
31.268593,29.348484,36.950539,34.920242,0.94505366,303.07503,-0.03024444
31.037988,27.934406,37.519615,33.897251,0.90345413,530.84449,-0.030787959
29.694625,27.598989,34.469479,33.755341,0.97928202,354.32442,-0.11423163
30.407479,28.033343,35.260475,34.601299,0.98130553,397.57017,-0.064539816
31.138042,29.382911,36.931648,34.648491,0.93817885,275.6057,-0.032388642
30.65896,28.128988,35.670704,34.771969,0.97480467,423.73158,-0.02815285
31.080809,27.99206,38.017445,33.5546,0.8826106,526.95709,0.0038816115
33.681063,30.0956,40.793606,36.714062,0.8999955,572.21513,0.17725199
30.944474,27.244587,35.912792,35.18343,0.97969075,659.26652,-0.051580841
30.087625,27.765484,38.262371,31.282066,0.81756737,392.33233,-0.099099379
32.306189,30.305855,38.563427,35.721939,0.92631651,305.88794,0.041688268
29.863723,27.149321,34.897785,33.723099,0.96633924,474.20705,-0.13910136
31.267794,28.616565,36.709751,35.145218,0.957381,437.27125,0.009716826
31.127162,29.352332,38.044361,33.630306,0.8839761,279.13379,-0.002827022
29.452823,27.575219,34.813404,32.884399,0.94459016,316.01177,-0.12779643
32.377946,29.540393,37.517326,36.871029,0.98277337,454.40475,0.04188008
29.671192,27.419491,34.200615,33.966366,0.99315074,384.83405,-0.19274303
29.620479,26.521693,35.038929,33.046066,0.94312432,560.35112,-0.11614794
30.520139,27.214271,37.912827,32.458042,0.85612297,584.33689,-0.10726964
29.729121,26.887809,36.08247,32.340008,0.89628033,503.10166,-0.11461989
31.807574,28.412931,44.270596,30.36858,0.68597631,573.97191,0.045286253
30.279426,26.919585,37.524521,32.27636,0.86014049,601.66964,-0.11708981
29.432864,26.373618,34.86692,32.790295,0.9404414,556.0021,-0.11911492
29.689637,26.791414,35.98304,32.3423,0.89882067,515.87613,-0.11264959
30.50184,27.346208,35.936878,34.164829,0.95068996,552.90562,-0.058922575
30.553466,27.106237,35.892693,34.321827,0.95623438,613.99869,-0.093175582
31.851504,29.187052,37.199795,35.987789,0.96741901,430.46883,-0.0048816454
30.786435,27.55163,38.811852,32.277756,0.83164689,563.28911,-0.011222499
30.691007,28.394337,35.934978,34.589836,0.96256733,378.72357,-0.074952199
31.589278,28.114707,42.183659,31.351103,0.74320492,595.2961,0.013308865
30.040312,27.880051,42.148178,28.468483,0.67543805,361.95543,-0.056240281
30.415955,27.077494,37.049412,32.970749,0.88991288,593.77438,-0.053204552
31.634943,28.293012,39.055164,33.846378,0.86663003,566.95547,-0.002536058
32.106745,29.273806,40.88134,33.341145,0.81555901,458.01698,0.055249105
30.83212,27.797616,39.495235,31.833332,0.80600437,520.92018,-0.065808964
28.972651,25.950359,33.640709,32.925575,0.97874201,558.41489,-0.1644096
30.591915,27.535867,38.084568,32.466011,0.85247156,530.23868,-0.0022833007
30.937271,28.556785,40.345646,31.400751,0.77829342,390.97236,0.024268613
31.712164,28.280025,39.586987,33.566162,0.84790899,583.75138,0.048226742
32.055038,29.382228,37.370613,36.282177,0.97087455,428.8577,0.071628233
30.91123,28.115845,37.770454,33.405628,0.88443808,471.39221,-0.0057078004
30.192501,27.723128,36.031151,33.393162,0.92678588,419.39059,-0.078590332
30.767202,28.684968,38.7616,32.278454,0.83274308,337.9488,-0.047961342
31.150554,27.376357,38.522442,33.273254,0.86373688,670.14292,-0.021866911
30.666302,27.218705,36.94347,33.604076,0.909608,611.32626,-0.013989359
32.175954,28.78339,37.834305,36.110733,0.9544442,565.64679,0.021262798
29.273109,26.734495,41.824432,27.280649,0.65226586,448.86904,-0.10739867
31.614017,28.359066,39.774078,33.210587,0.83498069,549.71693,0.0012533163
31.268392,27.705246,39.468014,32.744183,0.82963848,621.49403,0.023325917
30.662388,28.313977,39.33952,31.610533,0.80353123,388.90103,-0.06489595
30.988855,28.560918,36.762997,34.474804,0.93775826,399.15595,0.027329268
33.382688,29.603041,39.599136,37.14138,0.9379341,616.62544,0.16547063
30.082869,27.783995,35.800877,33.36298,0.93190399,387.90635,-0.092998988
30.923842,27.803871,36.903515,34.2024,0.92680602,536.54341,-0.057751131
33.535529,30.030659,40.856518,36.346111,0.88960373,559.68073,0.14832133
32.383445,29.376546,40.523411,34.196148,0.84386154,486.24716,0.059121522
29.829047,27.791943,39.532143,29.816868,0.75424365,341.41537,-0.11432422
30.389108,27.366498,35.068222,34.748493,0.99088266,527.4976,-0.031772676
31.565903,28.585612,36.797886,35.730934,0.97100507,495.90365,0.038851625
30.922672,28.951923,37.901531,33.317307,0.87904911,315.91199,0.0034826298
31.643553,29.343069,38.15601,34.643517,0.90794391,366.46236,0.0096417008
30.676507,27.85734,35.50206,34.976398,0.98519348,480.38158,-0.041613543
30.058075,27.115268,43.01466,27.971073,0.65026837,517.67572,0.0072942759
28.972194,25.708618,37.975815,29.26429,0.77060334,612.79842,-0.11163973
30.734791,27.640607,36.763042,33.915806,0.92255168,535.15716,-0.027085789
31.610389,28.20283,39.49958,33.425953,0.84623566,580.95461,0.032544932
30.439876,27.460987,41.204288,29.827217,0.72388624,517.40811,0.00090088792
32.106745,29.481735,40.88134,33.341145,0.81555901,419.22015,0.055249105
31.167794,27.921781,39.428436,32.56916,0.82603226,557.32887,-0.017598425
31.960575,28.35259,42.998474,31.498016,0.732538,614.41334,0.052767593
32.177912,28.673612,39.77721,34.383812,0.86440985,588.16638,0.045747234
31.425473,30.002152,37.200008,35.035686,0.94181931,216.98243,0.020755512
30.425008,27.502542,39.279392,31.179153,0.79377891,506.10159,-0.068480123
30.137745,27.600819,37.148823,32.293427,0.86929879,433.60396,-0.04834603
31.206094,28.116881,36.046322,35.647785,0.98894375,524.53353,-0.001812223
29.662737,27.064563,36.183647,32.109371,0.88740007,454.11483,-0.10310102
30.935725,27.702631,41.141415,30.82181,0.74916748,559.66713,-0.01031691
30.325522,28.263081,36.673576,33.105694,0.90271246,339.82334,-0.095307325
29.728549,27.30974,35.565605,32.799824,0.92223439,416.87955,-0.12954009
31.716795,28.609249,37.984623,34.956871,0.92029006,518.13979,0.031131714
29.807091,27.844253,36.058327,32.529385,0.9021324,327.71287,-0.12471228
29.885324,27.115976,41.717941,28.455383,0.68208982,485.09389,-0.074448119
30.533574,27.141856,36.927395,33.33086,0.90260523,602.46296,-0.064918211
32.091254,29.339115,39.050255,34.82143,0.89170813,443.08049,0.07641736
30.833736,28.828111,42.7873,29.520504,0.68993613,323.22124,0.0043507389
31.006213,27.863463,36.606216,34.659275,0.94681392,539.50871,-0.056154195
29.837368,26.727512,36.711571,32.02832,0.8724312,557.8462,-0.11449325
30.375896,27.273137,36.233665,33.610928,0.92761602,544.51932,-0.074423263
28.961114,26.140542,35.588181,31.126202,0.87462189,514.46131,-0.12654132
31.425127,28.430982,37.431099,34.821453,0.93028134,501.26787,-0.0010509841
30.854661,28.572395,36.473232,34.446907,0.9444435,373.74492,-0.0030715456
